"Date","Arts_Entertainment","Autos_Vehicles","Beauty_Fitness","Business_Industrial","Finance","Food_Drink","Home_Garden","Jobs_Education","Real_Estate","Shopping","gdp","norm_gdp","log_norm_gdp","q_delta_gdp","y_delta_gdp","lag1_gdp","lag2_gdp","lag3_gdp","lag4_gdp","q_rel_delta_gdp","y_rel_delta_gdp","lag1_log_norm_gdp","lag2_log_norm_gdp","lag3_log_norm_gdp","lag4_log_norm_gdp","norm_Arts_Entertainment","log_norm_Arts_Entertainment","q_delta_Arts_Entertainment","y_delta_Arts_Entertainment","lag1_Arts_Entertainment","lag2_Arts_Entertainment","lag3_Arts_Entertainment","lag4_Arts_Entertainment","q_rel_delta_Arts_Entertainment","y_rel_delta_Arts_Entertainment","lag1_log_norm_Arts_Entertainment","lag2_log_norm_Arts_Entertainment","lag3_log_norm_Arts_Entertainment","lag4_log_norm_Arts_Entertainment","norm_Autos_Vehicles","log_norm_Autos_Vehicles","q_delta_Autos_Vehicles","y_delta_Autos_Vehicles","lag1_Autos_Vehicles","lag2_Autos_Vehicles","lag3_Autos_Vehicles","lag4_Autos_Vehicles","q_rel_delta_Autos_Vehicles","y_rel_delta_Autos_Vehicles","lag1_log_norm_Autos_Vehicles","lag2_log_norm_Autos_Vehicles","lag3_log_norm_Autos_Vehicles","lag4_log_norm_Autos_Vehicles","norm_Beauty_Fitness","log_norm_Beauty_Fitness","q_delta_Beauty_Fitness","y_delta_Beauty_Fitness","lag1_Beauty_Fitness","lag2_Beauty_Fitness","lag3_Beauty_Fitness","lag4_Beauty_Fitness","q_rel_delta_Beauty_Fitness","y_rel_delta_Beauty_Fitness","lag1_log_norm_Beauty_Fitness","lag2_log_norm_Beauty_Fitness","lag3_log_norm_Beauty_Fitness","lag4_log_norm_Beauty_Fitness","norm_Business_Industrial","log_norm_Business_Industrial","q_delta_Business_Industrial","y_delta_Business_Industrial","lag1_Business_Industrial","lag2_Business_Industrial","lag3_Business_Industrial","lag4_Business_Industrial","q_rel_delta_Business_Industrial","y_rel_delta_Business_Industrial","lag1_log_norm_Business_Industrial","lag2_log_norm_Business_Industrial","lag3_log_norm_Business_Industrial","lag4_log_norm_Business_Industrial","norm_Finance","log_norm_Finance","q_delta_Finance","y_delta_Finance","lag1_Finance","lag2_Finance","lag3_Finance","lag4_Finance","q_rel_delta_Finance","y_rel_delta_Finance","lag1_log_norm_Finance","lag2_log_norm_Finance","lag3_log_norm_Finance","lag4_log_norm_Finance","norm_Food_Drink","log_norm_Food_Drink","q_delta_Food_Drink","y_delta_Food_Drink","lag1_Food_Drink","lag2_Food_Drink","lag3_Food_Drink","lag4_Food_Drink","q_rel_delta_Food_Drink","y_rel_delta_Food_Drink","lag1_log_norm_Food_Drink","lag2_log_norm_Food_Drink","lag3_log_norm_Food_Drink","lag4_log_norm_Food_Drink","norm_Home_Garden","log_norm_Home_Garden","q_delta_Home_Garden","y_delta_Home_Garden","lag1_Home_Garden","lag2_Home_Garden","lag3_Home_Garden","lag4_Home_Garden","q_rel_delta_Home_Garden","y_rel_delta_Home_Garden","lag1_log_norm_Home_Garden","lag2_log_norm_Home_Garden","lag3_log_norm_Home_Garden","lag4_log_norm_Home_Garden","norm_Jobs_Education","log_norm_Jobs_Education","q_delta_Jobs_Education","y_delta_Jobs_Education","lag1_Jobs_Education","lag2_Jobs_Education","lag3_Jobs_Education","lag4_Jobs_Education","q_rel_delta_Jobs_Education","y_rel_delta_Jobs_Education","lag1_log_norm_Jobs_Education","lag2_log_norm_Jobs_Education","lag3_log_norm_Jobs_Education","lag4_log_norm_Jobs_Education","norm_Real_Estate","log_norm_Real_Estate","q_delta_Real_Estate","y_delta_Real_Estate","lag1_Real_Estate","lag2_Real_Estate","lag3_Real_Estate","lag4_Real_Estate","q_rel_delta_Real_Estate","y_rel_delta_Real_Estate","lag1_log_norm_Real_Estate","lag2_log_norm_Real_Estate","lag3_log_norm_Real_Estate","lag4_log_norm_Real_Estate","norm_Shopping","log_norm_Shopping","q_delta_Shopping","y_delta_Shopping","lag1_Shopping","lag2_Shopping","lag3_Shopping","lag4_Shopping","q_rel_delta_Shopping","y_rel_delta_Shopping","lag1_log_norm_Shopping","lag2_log_norm_Shopping","lag3_log_norm_Shopping","lag4_log_norm_Shopping"
2013.25,92,71.3333333333333,84.3333333333333,78,36,67,58.6666666666667,66.6666666666667,49.3333333333333,84.3333333333333,20722,1,0,NA,NA,NA,NA,NA,NA,NA,NA,NA,NA,NA,NA,1,0,NA,NA,NA,NA,NA,NA,NA,NA,NA,NA,NA,NA,1,0,NA,NA,NA,NA,NA,NA,NA,NA,NA,NA,NA,NA,1,0,NA,NA,NA,NA,NA,NA,NA,NA,NA,NA,NA,NA,1,0,NA,NA,NA,NA,NA,NA,NA,NA,NA,NA,NA,NA,1,0,NA,NA,NA,NA,NA,NA,NA,NA,NA,NA,NA,NA,1,0,NA,NA,NA,NA,NA,NA,NA,NA,NA,NA,NA,NA,1,0,NA,NA,NA,NA,NA,NA,NA,NA,NA,NA,NA,NA,1,0,NA,NA,NA,NA,NA,NA,NA,NA,NA,NA,NA,NA,1,0,NA,NA,NA,NA,NA,NA,NA,NA,NA,NA,NA,NA,1,0,NA,NA,NA,NA,NA,NA,NA,NA,NA,NA,NA,NA
2013.5,80,65.6666666666667,76,68,34,58,55,63,46.6666666666667,73.3333333333333,25168,1.21455457967378,0.194377408486362,4446,NA,20722,NA,NA,NA,0.214554579673777,NA,0,NA,NA,NA,0.869565217391304,-0.139761942375159,-12,NA,92,NA,NA,NA,-0.130434782608696,NA,0,NA,NA,NA,0.920560747663552,-0.0827722862838628,-5.66666666666666,NA,71.3333333333333,NA,NA,NA,-0.0794392523364485,NA,0,NA,NA,NA,0.901185770750988,-0.104043859773079,-8.33333333333333,NA,84.3333333333333,NA,NA,NA,-0.0988142292490118,NA,0,NA,NA,NA,0.871794871794872,-0.137201121513485,-10,NA,78,NA,NA,NA,-0.128205128205128,NA,0,NA,NA,NA,0.944444444444444,-0.0571584138399486,-2,NA,36,NA,NA,NA,-0.0555555555555556,NA,0,NA,NA,NA,0.865671641791045,-0.144249608844547,-9,NA,67,NA,NA,NA,-0.134328358208955,NA,0,NA,NA,NA,0.9375,-0.064538521137571,-3.66666666666666,NA,58.6666666666667,NA,NA,NA,-0.0624999999999998,NA,0,NA,NA,NA,0.945,-0.0565703514883944,-3.66666666666667,NA,66.6666666666667,NA,NA,NA,-0.0550000000000001,NA,0,NA,NA,NA,0.945945945945946,-0.055569851154811,-2.66666666666668,NA,49.3333333333333,NA,NA,NA,-0.0540540540540543,NA,0,NA,NA,NA,0.869565217391304,-0.139761942375159,-11,NA,84.3333333333333,NA,NA,NA,-0.130434782608696,NA,0,NA,NA,NA
2013.75,76.6666666666667,69.6666666666667,76.6666666666667,64.3333333333333,33.6666666666667,59.3333333333333,54.6666666666667,64,50.3333333333333,73,32131,1.55057426889296,0.438625358374414,6963,NA,25168,20722,NA,NA,0.276660839160839,NA,0.194377408486362,0,NA,NA,0.833333333333333,-0.182321556793955,-3.33333333333333,NA,80,92,NA,NA,-0.0416666666666666,NA,-0.139761942375159,0,NA,NA,0.976635514018692,-0.0236417630570403,4,NA,65.6666666666667,71.3333333333333,NA,NA,0.0609137055837563,NA,-0.0827722862838628,0,NA,NA,0.909090909090909,-0.0953101798043248,0.666666666666671,NA,76,84.3333333333333,NA,NA,0.00877192982456147,NA,-0.104043859773079,0,NA,NA,0.824786324786325,-0.192630926452816,-3.66666666666667,NA,68,78,NA,NA,-0.053921568627451,NA,-0.137201121513485,0,NA,NA,0.935185185185185,-0.0670107102829603,-0.333333333333336,NA,34,36,NA,NA,-0.00980392156862752,NA,-0.0571584138399486,0,NA,NA,0.885572139303483,-0.121521357766991,1.33333333333334,NA,58,67,NA,NA,0.0229885057471265,NA,-0.144249608844547,0,NA,NA,0.931818181818182,-0.0706175672139534,-0.333333333333343,NA,55,58.6666666666667,NA,NA,-0.00606060606060623,NA,-0.064538521137571,0,NA,NA,0.96,-0.0408219945202552,1,NA,63,66.6666666666667,NA,NA,0.0158730158730159,NA,-0.0565703514883944,0,NA,NA,1.02027027027027,0.0200675630508092,3.66666666666668,NA,46.6666666666667,49.3333333333333,NA,NA,0.0785714285714288,NA,-0.055569851154811,0,NA,NA,0.865612648221344,-0.144317758911019,-0.333333333333329,NA,73.3333333333333,84.3333333333333,NA,NA,-0.00454545454545448,NA,-0.139761942375159,0,NA,NA
2014,89.6666666666667,78,84,77.6666666666667,54.3333333333333,70,65.3333333333333,71.3333333333333,52,87.6666666666667,28578,1.37911398513657,0.321441253217218,-3553,NA,32131,25168,20722,NA,-0.110578568983225,NA,0.438625358374414,0.194377408486362,0,NA,0.97463768115942,-0.0256894861153109,13,NA,76.6666666666667,80,92,NA,0.169565217391304,NA,-0.182321556793955,-0.139761942375159,0,NA,1.09345794392523,0.08934510033585,8.33333333333333,NA,69.6666666666667,65.6666666666667,71.3333333333333,NA,0.119617224880383,NA,-0.0236417630570403,-0.0827722862838628,0,NA,0.99604743083004,-0.0039604012160969,7.33333333333333,NA,76.6666666666667,76,84.3333333333333,NA,0.0956521739130434,NA,-0.0953101798043248,-0.104043859773079,0,NA,0.995726495726496,-0.00428266179200085,13.3333333333333,NA,64.3333333333333,68,78,NA,0.207253886010363,NA,-0.192630926452816,-0.137201121513485,0,NA,1.50925925925926,0.411618973682543,20.6666666666667,NA,33.6666666666667,34,36,NA,0.613861386138614,NA,-0.0670107102829603,-0.0571584138399486,0,NA,1.04477611940298,0.0438026226583928,10.6666666666667,NA,59.3333333333333,58,67,NA,0.179775280898876,NA,-0.121521357766991,-0.144249608844547,0,NA,1.11363636363636,0.107630664192366,10.6666666666667,NA,54.6666666666667,55,58.6666666666667,NA,0.195121951219512,NA,-0.0706175672139534,-0.064538521137571,0,NA,1.07,0.0676586484738147,7.33333333333333,NA,64,63,66.6666666666667,NA,0.114583333333333,NA,-0.0408219945202552,-0.0565703514883944,0,NA,1.05405405405405,0.0526437334854219,1.66666666666666,NA,50.3333333333333,46.6666666666667,49.3333333333333,NA,0.0331125827814569,NA,0.0200675630508092,-0.055569851154811,0,NA,1.0395256916996,0.0387645434502445,14.6666666666667,NA,73,73.3333333333333,84.3333333333333,NA,0.200913242009132,NA,-0.144317758911019,-0.139761942375159,0,NA
2014.25,89,73,83.3333333333333,75.6666666666667,42.3333333333333,71,63.6666666666667,71,52.3333333333333,82.6666666666667,21469,1.03604864395329,0.0354140963578677,-7109,747,28578,32131,25168,20722,-0.248757785709287,0.0360486439532864,0.321441253217218,0.438625358374414,0.194377408486362,0,0.967391304347826,-0.0331522073169005,-0.666666666666671,-3,89.6666666666667,76.6666666666667,80,92,-0.00743494423791827,-0.0326086956521739,-0.0256894861153109,-0.182321556793955,-0.139761942375159,0,1.02336448598131,0.0230957147946494,-5,1.66666666666667,78,69.6666666666667,65.6666666666667,71.3333333333333,-0.0641025641025641,0.0233644859813085,0.08934510033585,-0.0236417630570403,-0.0827722862838628,0,0.988142292490119,-0.0119285708652738,-0.666666666666671,-1,84,76.6666666666667,76,84.3333333333333,-0.00793650793650799,-0.0118577075098814,-0.0039604012160969,-0.0953101798043248,-0.104043859773079,0,0.97008547008547,-0.0303710978762986,-2,-2.33333333333333,77.6666666666667,64.3333333333333,68,78,-0.0257510729613734,-0.0299145299145299,-0.00428266179200085,-0.192630926452816,-0.137201121513485,0,1.17592592592593,0.162055859334372,-12,6.33333333333334,54.3333333333333,33.6666666666667,34,36,-0.220858895705521,0.175925925925926,0.411618973682543,-0.0670107102829603,-0.0571584138399486,0,1.05970149253731,0.0579872576503493,1,4,70,59.3333333333333,58,67,0.0142857142857143,0.0597014925373134,0.0438026226583928,-0.121521357766991,-0.144249608844547,0,1.08522727272727,0.0817894330084781,-1.66666666666667,5,65.3333333333333,54.6666666666667,55,58.6666666666667,-0.0255102040816327,0.0852272727272727,0.107630664192366,-0.0706175672139534,-0.064538521137571,0,1.065,0.0629747991613884,-0.333333333333329,4.33333333333333,71.3333333333333,64,63,66.6666666666667,-0.00467289719626162,0.0649999999999999,0.0676586484738147,-0.0408219945202552,-0.0565703514883944,0,1.06081081081081,0.0590335315841929,0.333333333333336,3,52,50.3333333333333,46.6666666666667,49.3333333333333,0.00641025641025646,0.0608108108108108,0.0526437334854219,0.0200675630508092,-0.055569851154811,0,0.980237154150198,-0.0199607425625379,-5,-1.66666666666666,87.6666666666667,73,73.3333333333333,84.3333333333333,-0.0570342205323194,-0.0197628458498023,0.0387645434502445,-0.144317758911019,-0.139761942375159,0
2014.5,81,66,80.3333333333333,72.6666666666667,39.6666666666667,65.6666666666667,57.3333333333333,68.6666666666667,51.3333333333333,74.3333333333333,26226,1.26561142746839,0.235555347279673,4757,1058,21469,28578,32131,25168,0.221575294610834,0.0420375079465989,0.0354140963578677,0.321441253217218,0.438625358374414,0.194377408486362,0.880434782608696,-0.127339422376602,-8,1,89,89.6666666666667,76.6666666666667,80,-0.0898876404494382,0.0125,-0.0331522073169005,-0.0256894861153109,-0.182321556793955,-0.139761942375159,0.925233644859813,-0.0777089843273161,-7,0.333333333333329,73,78,69.6666666666667,65.6666666666667,-0.0958904109589041,0.00507614213197962,0.0230957147946494,0.08934510033585,-0.0236417630570403,-0.0827722862838628,0.952569169960474,-0.0485925552368652,-3,4.33333333333333,83.3333333333333,84,76.6666666666667,76,-0.036,0.0570175438596491,-0.0119285708652738,-0.0039604012160969,-0.0953101798043248,-0.104043859773079,0.931623931623932,-0.0708260525686124,-3,4.66666666666667,75.6666666666667,77.6666666666667,64.3333333333333,68,-0.039647577092511,0.0686274509803922,-0.0303710978762986,-0.00428266179200085,-0.192630926452816,-0.137201121513485,1.10185185185185,0.0969922659873095,-2.66666666666668,5.66666666666666,42.3333333333333,54.3333333333333,33.6666666666667,34,-0.0629921259842522,0.166666666666666,0.162055859334372,0.411618973682543,-0.0670107102829603,-0.0571584138399486,0.980099502487562,-0.0201011793210872,-5.33333333333333,7.66666666666667,71,70,59.3333333333333,58,-0.0751173708920187,0.132183908045977,0.0579872576503493,0.0438026226583928,-0.121521357766991,-0.144249608844547,0.977272727272728,-0.0229895182246985,-6.33333333333332,2.33333333333334,63.6666666666667,65.3333333333333,54.6666666666667,55,-0.0994764397905757,0.0424242424242425,0.0817894330084781,0.107630664192366,-0.0706175672139534,-0.064538521137571,1.03,0.0295588022415444,-2.33333333333333,5.66666666666667,71,71.3333333333333,64,63,-0.0328638497652581,0.08994708994709,0.0629747991613884,0.0676586484738147,-0.0408219945202552,-0.0565703514883944,1.04054054054054,0.0397403286495141,-1,4.66666666666668,52.3333333333333,52,50.3333333333333,46.6666666666667,-0.0191082802547771,0.1,0.0590335315841929,0.0526437334854219,0.0200675630508092,-0.055569851154811,0.881422924901186,-0.126217717267401,-8.33333333333334,1,82.6666666666667,87.6666666666667,73,73.3333333333333,-0.100806451612903,0.0136363636363636,-0.0199607425625379,0.0387645434502445,-0.144317758911019,-0.139761942375159
2014.75,77,70,83.6666666666667,69.3333333333333,41,65.3333333333333,58.6666666666667,70.6666666666667,54.6666666666667,75.6666666666667,34027,1.64207122864588,0.495958389289072,7801,1896,26226,21469,28578,32131,0.297452909326622,0.059008434222402,0.235555347279673,0.0354140963578677,0.321441253217218,0.438625358374414,0.83695652173913,-0.177983155195356,-4,0.333333333333329,81,89,89.6666666666667,76.6666666666667,-0.0493827160493827,0.00434782608695646,-0.127339422376602,-0.0331522073169005,-0.0256894861153109,-0.182321556793955,0.981308411214953,-0.0188684843043827,4,0.333333333333329,66,73,78,69.6666666666667,0.0606060606060606,0.00478468899521524,-0.0777089843273161,0.0230957147946494,0.08934510033585,-0.0236417630570403,0.992094861660079,-0.00793654959573619,3.33333333333334,7,80.3333333333333,83.3333333333333,84,76.6666666666667,0.0414937759336101,0.091304347826087,-0.0485925552368652,-0.0119285708652738,-0.0039604012160969,-0.0953101798043248,0.888888888888889,-0.117783035656384,-3.33333333333334,5,72.6666666666667,75.6666666666667,77.6666666666667,64.3333333333333,-0.0458715596330277,0.077720207253886,-0.0708260525686124,-0.0303710978762986,-0.00428266179200085,-0.192630926452816,1.13888888888889,0.130053128248198,1.33333333333334,7.33333333333334,39.6666666666667,42.3333333333333,54.3333333333333,33.6666666666667,0.0336134453781515,0.217821782178218,0.0969922659873095,0.162055859334372,0.411618973682543,-0.0670107102829603,0.975124378109453,-0.0251902488285586,-0.333333333333343,5.99999999999999,65.6666666666667,71,70,59.3333333333333,-0.00507614213197984,0.101123595505618,-0.0201011793210872,0.0579872576503493,0.0438026226583928,-0.121521357766991,1,0,1.33333333333332,4,57.3333333333333,63.6666666666667,65.3333333333333,54.6666666666667,0.0232558139534882,0.0731707317073171,-0.0229895182246985,0.0817894330084781,0.107630664192366,-0.0706175672139534,1.06,0.0582689081239758,2,6.66666666666667,68.6666666666667,71,71.3333333333333,64,0.029126213592233,0.104166666666667,0.0295588022415444,0.0629747991613884,0.0676586484738147,-0.0408219945202552,1.10810810810811,0.102654154060083,3.33333333333332,4.33333333333332,51.3333333333333,52.3333333333333,52,50.3333333333333,0.0649350649350647,0.0860927152317878,0.0397403286495141,0.0590335315841929,0.0526437334854219,0.0200675630508092,0.897233201581028,-0.108439471246117,1.33333333333334,2.66666666666667,74.3333333333333,82.6666666666667,87.6666666666667,73,0.0179372197309418,0.0365296803652969,-0.126217717267401,-0.0199607425625379,0.0387645434502445,-0.144317758911019
2015,76.6666666666667,72,83,76.3333333333333,48.3333333333333,74.6666666666667,62.3333333333333,73,50,81.6666666666667,29779,1.43707171122479,0.362607509278883,-4248,1201,34027,26226,21469,28578,-0.124842037205748,0.0420253341731402,0.495958389289072,0.235555347279673,0.0354140963578677,0.321441253217218,0.833333333333333,-0.182321556793955,-0.333333333333329,-13,77,81,89,89.6666666666667,-0.00432900432900427,-0.144981412639405,-0.177983155195356,-0.127339422376602,-0.0331522073169005,-0.0256894861153109,1.00934579439252,0.00930239266231363,2,-6,70,66,73,78,0.0285714285714286,-0.0769230769230769,-0.0188684843043827,-0.0777089843273161,0.0230957147946494,0.08934510033585,0.984189723320158,-0.0159365922628125,-0.666666666666671,-1,83.6666666666667,80.3333333333333,83.3333333333333,84,-0.0079681274900399,-0.0119047619047619,-0.00793654959573619,-0.0485925552368652,-0.0119285708652738,-0.0039604012160969,0.978632478632479,-0.0215991118034618,7,-1.33333333333334,69.3333333333333,72.6666666666667,75.6666666666667,77.6666666666667,0.100961538461538,-0.017167381974249,-0.117783035656384,-0.0708260525686124,-0.0303710978762986,-0.00428266179200085,1.34259259259259,0.294602515296355,7.33333333333334,-6,41,39.6666666666667,42.3333333333333,54.3333333333333,0.178861788617886,-0.110429447852761,0.130053128248198,0.0969922659873095,0.162055859334372,0.411618973682543,1.11442786069652,0.108341143795964,9.33333333333334,4.66666666666667,65.3333333333333,65.6666666666667,71,70,0.142857142857143,0.0666666666666667,-0.0251902488285586,-0.0201011793210872,0.0579872576503493,0.0438026226583928,1.0625,0.060624621816435,3.66666666666668,-2.99999999999999,58.6666666666667,57.3333333333333,63.6666666666667,65.3333333333333,0.0625000000000002,-0.0459183673469387,0,-0.0229895182246985,0.0817894330084781,0.107630664192366,1.095,0.0907543632684641,2.33333333333333,1.66666666666667,70.6666666666667,68.6666666666667,71,71.3333333333333,0.0330188679245282,0.0233644859813085,0.0582689081239758,0.0295588022415444,0.0629747991613884,0.0676586484738147,1.01351351351351,0.0134230203321406,-4.66666666666666,-2,54.6666666666667,51.3333333333333,52.3333333333333,52,-0.0853658536585364,-0.0384615384615385,0.102654154060083,0.0397403286495141,0.0590335315841929,0.0526437334854219,0.968379446640316,-0.0321312781827932,6,-6,75.6666666666667,74.3333333333333,82.6666666666667,87.6666666666667,0.079295154185022,-0.0684410646387833,-0.108439471246117,-0.126217717267401,-0.0199607425625379,0.0387645434502445
2015.25,88,81.6666666666667,96.3333333333333,82.3333333333333,67.3333333333333,74.3333333333333,68,81.3333333333333,57.6666666666667,89.3333333333333,24423,1.17860245150082,0.16432937343039,-5356,2954,29779,34027,26226,21469,-0.179858289398569,0.13759373981089,0.362607509278883,0.495958389289072,0.235555347279673,0.0354140963578677,0.956521739130435,-0.0444517625708338,11.3333333333333,-1,76.6666666666667,77,81,89,0.147826086956522,-0.0112359550561798,-0.182321556793955,-0.177983155195356,-0.127339422376602,-0.0331522073169005,1.14485981308411,0.135282195522876,9.66666666666667,8.66666666666667,72,70,66,73,0.134259259259259,0.118721461187215,0.00930239266231363,-0.0188684843043827,-0.0777089843273161,0.0230957147946494,1.14229249011858,0.133037199384912,13.3333333333333,13,83,83.6666666666667,80.3333333333333,83.3333333333333,0.160642570281124,0.156,-0.0159365922628125,-0.00793654959573619,-0.0485925552368652,-0.0119285708652738,1.05555555555556,0.0540672212702758,6,6.66666666666666,76.3333333333333,69.3333333333333,72.6666666666667,75.6666666666667,0.0786026200873362,0.0881057268722466,-0.0215991118034618,-0.117783035656384,-0.0708260525686124,-0.0303710978762986,1.87037037037037,0.626136470276985,19,25,48.3333333333333,41,39.6666666666667,42.3333333333333,0.393103448275862,0.590551181102362,0.294602515296355,0.130053128248198,0.0969922659873095,0.162055859334372,1.10945273631841,0.103866863401043,-0.333333333333343,3.33333333333333,74.6666666666667,65.3333333333333,65.6666666666667,71,-0.00446428571428584,0.0469483568075117,0.108341143795964,-0.0251902488285586,-0.0201011793210872,0.0579872576503493,1.15909090909091,0.147635998806065,5.66666666666666,4.33333333333334,62.3333333333333,58.6666666666667,57.3333333333333,63.6666666666667,0.0909090909090909,0.068062827225131,0.060624621816435,0,-0.0229895182246985,0.0817894330084781,1.22,0.198850858745165,8.33333333333333,10.3333333333333,73,70.6666666666667,68.6666666666667,71,0.114155251141552,0.145539906103286,0.0907543632684641,0.0582689081239758,0.0295588022415444,0.0629747991613884,1.16891891891892,0.156079320733664,7.66666666666666,5.33333333333332,50,54.6666666666667,51.3333333333333,52.3333333333333,0.153333333333333,0.101910828025477,0.0134230203321406,0.102654154060083,0.0397403286495141,0.0590335315841929,1.05928853754941,0.0575974917833365,7.66666666666666,6.66666666666666,81.6666666666667,75.6666666666667,74.3333333333333,82.6666666666667,0.093877551020408,0.0806451612903225,-0.0321312781827932,-0.108439471246117,-0.126217717267401,-0.0199607425625379
2015.5,75.6666666666667,69.3333333333333,83.6666666666667,72.6666666666667,50.3333333333333,67,59,67,49.3333333333333,73,28527,1.37665283273815,0.319655069395857,4104,2301,24423,29779,34027,26226,0.168038324530156,0.0877373598718829,0.16432937343039,0.362607509278883,0.495958389289072,0.235555347279673,0.822463768115942,-0.195450848235747,-12.3333333333333,-5.33333333333333,88,76.6666666666667,77,81,-0.140151515151515,-0.0658436213991769,-0.0444517625708338,-0.182321556793955,-0.177983155195356,-0.127339422376602,0.97196261682243,-0.0284379353205335,-12.3333333333333,3.33333333333333,81.6666666666667,72,70,66,-0.151020408163265,0.0505050505050504,0.135282195522876,0.00930239266231363,-0.0188684843043827,-0.0777089843273161,0.992094861660079,-0.00793654959573619,-12.6666666666666,3.33333333333334,96.3333333333333,83,83.6666666666667,80.3333333333333,-0.131487889273356,0.0414937759336101,0.133037199384912,-0.0159365922628125,-0.00793654959573619,-0.0485925552368652,0.931623931623932,-0.0708260525686124,-9.66666666666666,0,82.3333333333333,76.3333333333333,69.3333333333333,72.6666666666667,-0.117408906882591,0,0.0540672212702758,-0.0215991118034618,-0.117783035656384,-0.0708260525686124,1.39814814814815,0.335148609690705,-17,10.6666666666667,67.3333333333333,48.3333333333333,41,39.6666666666667,-0.252475247524752,0.26890756302521,0.626136470276985,0.294602515296355,0.130053128248198,0.0969922659873095,1,0,-7.33333333333333,1.33333333333333,74.3333333333333,74.6666666666667,65.3333333333333,65.6666666666667,-0.0986547085201793,0.0203045685279187,0.103866863401043,0.108341143795964,-0.0251902488285586,-0.0201011793210872,1.00568181818182,0.00566573753567752,-9,1.66666666666666,68,62.3333333333333,58.6666666666667,57.3333333333333,-0.132352941176471,0.0290697674418604,0.147635998806065,0.060624621816435,0,-0.0229895182246985,1.005,0.00498754151103897,-14.3333333333333,-1.66666666666667,81.3333333333333,73,70.6666666666667,68.6666666666667,-0.176229508196721,-0.0242718446601942,0.198850858745165,0.0907543632684641,0.0582689081239758,0.0295588022415444,1,0,-8.33333333333332,-2,57.6666666666667,50,54.6666666666667,51.3333333333333,-0.144508670520231,-0.038961038961039,0.156079320733664,0.0134230203321406,0.102654154060083,0.0397403286495141,0.865612648221344,-0.144317758911019,-16.3333333333333,-1.33333333333333,89.3333333333333,81.6666666666667,75.6666666666667,74.3333333333333,-0.182835820895522,-0.0179372197309416,0.0575974917833365,-0.0321312781827932,-0.108439471246117,-0.126217717267401
2015.75,73,69,83.6666666666667,70,50.3333333333333,71.3333333333333,58,68.3333333333333,53.6666666666667,74.3333333333333,35890,1.73197567802336,0.549262767329956,7363,1863,28527,24423,29779,34027,0.25810635538262,0.0547506391982837,0.319655069395857,0.16432937343039,0.362607509278883,0.495958389289072,0.793478260869565,-0.231329135900649,-2.66666666666667,-4,75.6666666666667,88,76.6666666666667,77,-0.0352422907488987,-0.051948051948052,-0.195450848235747,-0.0444517625708338,-0.182321556793955,-0.177983155195356,0.967289719626168,-0.0332572217564824,-0.333333333333329,-1,69.3333333333333,81.6666666666667,72,70,-0.00480769230769224,-0.0142857142857143,-0.0284379353205335,0.135282195522876,0.00930239266231363,-0.0188684843043827,0.992094861660079,-0.00793654959573619,0,0,83.6666666666667,96.3333333333333,83,83.6666666666667,0,0,-0.00793654959573619,0.133037199384912,-0.0159365922628125,-0.00793654959573619,0.897435897435897,-0.108213584640233,-2.66666666666667,0.666666666666671,72.6666666666667,82.3333333333333,76.3333333333333,69.3333333333333,-0.0366972477064221,0.00961538461538468,-0.0708260525686124,0.0540672212702758,-0.0215991118034618,-0.117783035656384,1.39814814814815,0.335148609690705,0,9.33333333333334,50.3333333333333,67.3333333333333,48.3333333333333,41,0,0.227642276422764,0.335148609690705,0.626136470276985,0.294602515296355,0.130053128248198,1.06467661691542,0.0626711069627758,4.33333333333333,6,67,74.3333333333333,74.6666666666667,65.3333333333333,0.0646766169154228,0.0918367346938776,0,0.103866863401043,0.108341143795964,-0.0251902488285586,0.988636363636364,-0.0114286958236226,-1,-0.666666666666657,59,68,62.3333333333333,58.6666666666667,-0.0169491525423729,-0.0113636363636362,0.00566573753567752,0.147635998806065,0.060624621816435,0,1.025,0.0246926125903714,1.33333333333333,-2.33333333333334,67,81.3333333333333,73,70.6666666666667,0.0199004975124377,-0.0330188679245284,0.00498754151103897,0.198850858745165,0.0907543632684641,0.0582689081239758,1.08783783783784,0.0841920912203476,4.33333333333332,-1,49.3333333333333,57.6666666666667,50,54.6666666666667,0.0878378378378376,-0.0182926829268293,0,0.156079320733664,0.0134230203321406,0.102654154060083,0.881422924901186,-0.126217717267401,1.33333333333333,-1.33333333333334,73,89.3333333333333,81.6666666666667,75.6666666666667,0.0182648401826483,-0.0176211453744495,-0.144317758911019,0.0575974917833365,-0.0321312781827932,-0.108439471246117
2016,67,68.6666666666667,78,71,43.6666666666667,68.6666666666667,58.6666666666667,64,50.6666666666667,71.3333333333333,33011,1.5930412122382,0.465644901427041,-2879,3232,35890,28527,24423,29779,-0.0802173307327946,0.108532858725948,0.549262767329956,0.319655069395857,0.16432937343039,0.362607509278883,0.728260869565217,-0.317095957658074,-6,-9.66666666666667,73,75.6666666666667,88,76.6666666666667,-0.0821917808219178,-0.126086956521739,-0.231329135900649,-0.195450848235747,-0.0444517625708338,-0.182321556793955,0.962616822429907,-0.0380998462322703,-0.333333333333329,-3.33333333333333,69,69.3333333333333,81.6666666666667,72,-0.00483091787439607,-0.0462962962962962,-0.0332572217564824,-0.0284379353205335,0.135282195522876,0.00930239266231363,0.924901185770751,-0.0780683733698187,-5.66666666666667,-5,83.6666666666667,83.6666666666667,96.3333333333333,83,-0.0677290836653387,-0.0602409638554217,-0.00793654959573619,-0.00793654959573619,0.133037199384912,-0.0159365922628125,0.91025641025641,-0.0940289496482763,1,-5.33333333333333,70,72.6666666666667,82.3333333333333,76.3333333333333,0.0142857142857143,-0.0698689956331877,-0.108213584640233,-0.0708260525686124,0.0540672212702758,-0.0215991118034618,1.21296296296296,0.193066096076932,-6.66666666666668,-4.66666666666668,50.3333333333333,50.3333333333333,67.3333333333333,48.3333333333333,-0.132450331125828,-0.0965517241379313,0.335148609690705,0.335148609690705,0.626136470276985,0.294602515296355,1.02487562189055,0.0245712607305053,-2.66666666666666,-6,71.3333333333333,67,74.3333333333333,74.6666666666667,-0.0373831775700933,-0.0803571428571428,0.0626711069627758,0,0.103866863401043,0.108341143795964,1,0,0.666666666666657,-3.66666666666668,58,59,68,62.3333333333333,0.0114942528735631,-0.0588235294117649,-0.0114286958236226,0.00566573753567752,0.147635998806065,0.060624621816435,0.96,-0.0408219945202552,-4.33333333333333,-9,68.3333333333333,67,81.3333333333333,73,-0.0634146341463414,-0.123287671232877,0.0246926125903714,0.00498754151103897,0.198850858745165,0.0907543632684641,1.02702702702703,0.0266682470821611,-3,0.666666666666657,53.6666666666667,49.3333333333333,57.6666666666667,50,-0.0559006211180124,0.0133333333333331,0.0841920912203476,0,0.156079320733664,0.0134230203321406,0.845849802371542,-0.167413473705669,-3,-10.3333333333333,74.3333333333333,73,89.3333333333333,81.6666666666667,-0.0403587443946188,-0.126530612244898,-0.126217717267401,-0.144317758911019,0.0575974917833365,-0.0321312781827932
2016.25,81,71.6666666666667,90.6666666666667,77.6666666666667,50,72.3333333333333,65.6666666666667,75.6666666666667,55,78.3333333333333,27097,1.30764404980214,0.268227082821264,-5914,2674,33011,35890,28527,24423,-0.179152403744206,0.109486959014044,0.465644901427041,0.549262767329956,0.319655069395857,0.16432937343039,0.880434782608696,-0.127339422376602,14,-7,67,73,75.6666666666667,88,0.208955223880597,-0.0795454545454545,-0.317095957658074,-0.231329135900649,-0.195450848235747,-0.0444517625708338,1.00467289719626,0.00466201310581137,3,-10,68.6666666666667,69,69.3333333333333,81.6666666666667,0.0436893203883495,-0.122448979591837,-0.0380998462322703,-0.0332572217564824,-0.0284379353205335,0.135282195522876,1.07509881422925,0.0724125775684773,12.6666666666667,-5.66666666666663,78,83.6666666666667,83.6666666666667,96.3333333333333,0.162393162393163,-0.0588235294117643,-0.0780683733698187,-0.00793654959573619,-0.00793654959573619,0.133037199384912,0.995726495726496,-0.00428266179200085,6.66666666666667,-4.66666666666666,71,70,72.6666666666667,82.3333333333333,0.0938967136150235,-0.0566801619433197,-0.0940289496482763,-0.108213584640233,-0.0708260525686124,0.0540672212702758,1.38888888888889,0.328504066972036,6.33333333333334,-17.3333333333333,43.6666666666667,50.3333333333333,50.3333333333333,67.3333333333333,0.145038167938932,-0.257425742574257,0.193066096076932,0.335148609690705,0.335148609690705,0.626136470276985,1.07960199004975,0.0765924454813837,3.66666666666666,-2,68.6666666666667,71.3333333333333,67,74.3333333333333,0.053398058252427,-0.0269058295964126,0.0245712607305053,0.0626711069627758,0,0.103866863401043,1.11931818181818,0.112719733699837,7.00000000000001,-2.33333333333333,58.6666666666667,58,59,68,0.119318181818182,-0.034313725490196,0,-0.0114286958236226,0.00566573753567752,0.147635998806065,1.135,0.126632650933366,11.6666666666667,-5.66666666666666,64,68.3333333333333,67,81.3333333333333,0.182291666666667,-0.0696721311475409,-0.0408219945202552,0.0246926125903714,0.00498754151103897,0.198850858745165,1.11486486486486,0.108733200136466,4.33333333333334,-2.66666666666666,50.6666666666667,53.6666666666667,49.3333333333333,57.6666666666667,0.0855263157894739,-0.0462427745664738,0.0266682470821611,0.0841920912203476,0,0.156079320733664,0.928853754940711,-0.0738039745833613,7,-11,71.3333333333333,74.3333333333333,73,89.3333333333333,0.0981308411214953,-0.123134328358209,-0.167413473705669,-0.126217717267401,-0.144317758911019,0.0575974917833365
2016.5,68.3333333333333,62,78.3333333333333,68.3333333333333,46.3333333333333,64,59.3333333333333,60.3333333333333,52,66,31434,1.51693851944793,0.416694171824578,4337,2907,27097,33011,35890,28527,0.160054618592464,0.101903459880114,0.268227082821264,0.465644901427041,0.549262767329956,0.319655069395857,0.742753623188406,-0.297390886578742,-12.6666666666667,-7.33333333333334,81,67,73,75.6666666666667,-0.156378600823045,-0.0969162995594715,-0.127339422376602,-0.317095957658074,-0.231329135900649,-0.195450848235747,0.869158878504673,-0.14022934130865,-9.66666666666667,-7.33333333333333,71.6666666666667,68.6666666666667,69,69.3333333333333,-0.134883720930233,-0.105769230769231,0.00466201310581137,-0.0380998462322703,-0.0332572217564824,-0.0284379353205335,0.928853754940711,-0.0738039745833613,-12.3333333333334,-5.33333333333334,90.6666666666667,78,83.6666666666667,83.6666666666667,-0.136029411764706,-0.0637450199203188,0.0724125775684773,-0.0780683733698187,-0.00793654959573619,-0.00793654959573619,0.876068376068376,-0.132311136219293,-9.33333333333334,-4.33333333333334,77.6666666666667,71,70,72.6666666666667,-0.120171673819743,-0.0596330275229359,-0.00428266179200085,-0.0940289496482763,-0.108213584640233,-0.0708260525686124,1.28703703703704,0.252342706006472,-3.66666666666666,-4,50,43.6666666666667,50.3333333333333,50.3333333333333,-0.0733333333333333,-0.0794701986754967,0.328504066972036,0.193066096076932,0.335148609690705,0.335148609690705,0.955223880597015,-0.0458095360312942,-8.33333333333333,-3,72.3333333333333,68.6666666666667,71.3333333333333,67,-0.115207373271889,-0.0447761194029851,0.0765924454813837,0.0245712607305053,0.0626711069627758,0,1.01136363636364,0.0112995552539335,-6.33333333333334,0.333333333333336,65.6666666666667,58.6666666666667,58,59,-0.0964467005076142,0.00564971751412433,0.112719733699837,0,-0.0114286958236226,0.00566573753567752,0.905,-0.0998203352822109,-15.3333333333333,-6.66666666666666,75.6666666666667,64,68.3333333333333,67,-0.202643171806167,-0.099502487562189,0.126632650933366,-0.0408219945202552,0.0246926125903714,0.00498754151103897,1.05405405405405,0.0526437334854219,-3,2.66666666666666,55,50.6666666666667,53.6666666666667,49.3333333333333,-0.0545454545454545,0.054054054054054,0.108733200136466,0.0266682470821611,0.0841920912203476,0,0.782608695652174,-0.245122458032985,-12.3333333333333,-7,78.3333333333333,71.3333333333333,74.3333333333333,73,-0.157446808510638,-0.0958904109589041,-0.0738039745833613,-0.167413473705669,-0.126217717267401,-0.144317758911019
2016.75,61,60,73.3333333333333,61.3333333333333,39,63.6666666666667,55,56,52.6666666666667,63.6666666666667,39749,1.91820287617025,0.651388745721628,8315,3859,31434,27097,33011,35890,0.264522491569638,0.10752298690443,0.416694171824578,0.268227082821264,0.465644901427041,0.549262767329956,0.66304347826087,-0.410914712875729,-7.33333333333333,-12,68.3333333333333,81,67,73,-0.107317073170732,-0.164383561643836,-0.297390886578742,-0.127339422376602,-0.317095957658074,-0.231329135900649,0.841121495327103,-0.173019164131641,-2,-9,62,71.6666666666667,68.6666666666667,69,-0.032258064516129,-0.130434782608696,-0.14022934130865,0.00466201310581137,-0.0380998462322703,-0.0332572217564824,0.869565217391304,-0.139761942375159,-5,-10.3333333333333,78.3333333333333,90.6666666666667,78,83.6666666666667,-0.0638297872340426,-0.123505976095618,-0.0738039745833613,0.0724125775684773,-0.0780683733698187,-0.00793654959573619,0.786324786324786,-0.240385357748716,-6.99999999999999,-8.66666666666666,68.3333333333333,77.6666666666667,71,70,-0.102439024390244,-0.123809523809524,-0.132311136219293,-0.00428266179200085,-0.0940289496482763,-0.108213584640233,1.08333333333333,0.0800427076735364,-7.33333333333334,-11.3333333333333,46.3333333333333,50,43.6666666666667,50.3333333333333,-0.158273381294964,-0.225165562913907,0.252342706006472,0.328504066972036,0.193066096076932,0.335148609690705,0.950248756218905,-0.051031480012446,-0.333333333333343,-7.66666666666667,64,72.3333333333333,68.6666666666667,71.3333333333333,-0.00520833333333348,-0.107476635514019,-0.0458095360312942,0.0765924454813837,0.0245712607305053,0.0626711069627758,0.9375,-0.064538521137571,-4.33333333333334,-3,59.3333333333333,65.6666666666667,58.6666666666667,58,-0.0730337078651686,-0.0517241379310345,0.0112995552539335,0.112719733699837,0,-0.0114286958236226,0.84,-0.174353387144778,-4.33333333333334,-12.3333333333333,60.3333333333333,75.6666666666667,64,68.3333333333333,-0.0718232044198895,-0.180487804878049,-0.0998203352822109,0.126632650933366,-0.0408219945202552,0.0246926125903714,1.06756756756757,0.0653827592628515,0.666666666666657,-1,52,55,50.6666666666667,53.6666666666667,0.0128205128205126,-0.0186335403726708,0.0526437334854219,0.108733200136466,0.0266682470821611,0.0841920912203476,0.754940711462451,-0.28111606068089,-2.33333333333334,-10.6666666666667,66,78.3333333333333,71.3333333333333,74.3333333333333,-0.0353535353535355,-0.143497757847534,-0.245122458032985,-0.0738039745833613,-0.167413473705669,-0.126217717267401
2017,59.6666666666667,70.3333333333333,75.3333333333333,67,46.3333333333333,73,63,58.6666666666667,51.6666666666667,72.6666666666667,36196,1.74674259241386,0.557752677659327,-3553,3185,39749,31434,27097,33011,-0.0893858965005409,0.0964829905183121,0.651388745721628,0.416694171824578,0.268227082821264,0.465644901427041,0.648550724637681,-0.433015059876395,-1.33333333333334,-7.33333333333334,61,68.3333333333333,81,67,-0.0218579234972679,-0.109452736318408,-0.410914712875729,-0.297390886578742,-0.127339422376602,-0.317095957658074,0.985981308411215,-0.0141178815457849,10.3333333333333,1.66666666666666,60,62,71.6666666666667,68.6666666666667,0.172222222222222,0.024271844660194,-0.173019164131641,-0.14022934130865,0.00466201310581137,-0.0380998462322703,0.893280632411067,-0.112854489455234,2,-2.66666666666667,73.3333333333333,78.3333333333333,90.6666666666667,78,0.0272727272727273,-0.0341880341880342,-0.139761942375159,-0.0738039745833613,0.0724125775684773,-0.0780683733698187,0.858974358974359,-0.152016207298626,5.66666666666666,-4,61.3333333333333,68.3333333333333,77.6666666666667,71,0.092391304347826,-0.0563380281690141,-0.240385357748716,-0.132311136219293,-0.00428266179200085,-0.0940289496482763,1.28703703703704,0.252342706006472,7.33333333333334,2.66666666666668,39,46.3333333333333,50,43.6666666666667,0.188034188034188,0.0610687022900766,0.0800427076735364,0.252342706006472,0.328504066972036,0.193066096076932,1.08955223880597,0.0857668217574251,9.33333333333334,4.33333333333333,63.6666666666667,64,72.3333333333333,68.6666666666667,0.146596858638744,0.0631067961165048,-0.051031480012446,-0.0458095360312942,0.0765924454813837,0.0245712607305053,1.07386363636364,0.0712630200214907,8,4.33333333333334,55,59.3333333333333,65.6666666666667,58.6666666666667,0.145454545454545,0.0738636363636365,-0.064538521137571,0.0112995552539335,0.112719733699837,0,0.88,-0.127833371509885,2.66666666666666,-5.33333333333334,56,60.3333333333333,75.6666666666667,64,0.0476190476190474,-0.0833333333333335,-0.174353387144778,-0.0998203352822109,0.126632650933366,-0.0408219945202552,1.0472972972973,0.0462128431551314,-1,1,52.6666666666667,52,55,50.6666666666667,-0.0189873417721519,0.0197368421052632,0.0653827592628515,0.0526437334854219,0.108733200136466,0.0266682470821611,0.861660079051384,-0.148894425938431,9.00000000000001,1.33333333333334,63.6666666666667,66,78.3333333333333,71.3333333333333,0.141361256544503,0.0186915887850469,-0.28111606068089,-0.245122458032985,-0.0738039745833613,-0.167413473705669
2017.25,65.3333333333333,68.3333333333333,79.6666666666667,71,44.6666666666667,66,58,63.3333333333333,53.3333333333333,72,29670,1.4318116011968,0.35894049647317,-6526,2573,36196,39749,31434,27097,-0.180296165322135,0.0949551610879433,0.557752677659327,0.651388745721628,0.416694171824578,0.268227082821264,0.710144927536232,-0.342286206486633,5.66666666666667,-15.6666666666667,59.6666666666667,61,68.3333333333333,81,0.0949720670391062,-0.193415637860082,-0.433015059876395,-0.410914712875729,-0.297390886578742,-0.127339422376602,0.957943925233645,-0.0429660358834432,-2,-3.33333333333334,70.3333333333333,60,62,71.6666666666667,-0.028436018957346,-0.0465116279069769,-0.0141178815457849,-0.173019164131641,-0.14022934130865,0.00466201310581137,0.944664031620553,-0.0569259367960095,4.33333333333334,-11,75.3333333333333,73.3333333333333,78.3333333333333,90.6666666666667,0.0575221238938054,-0.121323529411765,-0.112854489455234,-0.139761942375159,-0.0738039745833613,0.0724125775684773,0.91025641025641,-0.0940289496482763,4,-6.66666666666667,67,61.3333333333333,68.3333333333333,77.6666666666667,0.0597014925373134,-0.0858369098712447,-0.152016207298626,-0.240385357748716,-0.132311136219293,-0.00428266179200085,1.24074074074074,0.215708572826691,-1.66666666666668,-5.33333333333334,46.3333333333333,39,46.3333333333333,50,-0.035971223021583,-0.106666666666667,0.252342706006472,0.0800427076735364,0.252342706006472,0.328504066972036,0.985074626865672,-0.0150378773645406,-7,-6.33333333333333,73,63.6666666666667,64,72.3333333333333,-0.0958904109589041,-0.0875576036866359,0.0857668217574251,-0.051031480012446,-0.0458095360312942,0.0765924454813837,0.988636363636364,-0.0114286958236226,-5,-7.66666666666667,63,55,59.3333333333333,65.6666666666667,-0.0793650793650794,-0.116751269035533,0.0712630200214907,-0.064538521137571,0.0112995552539335,0.112719733699837,0.95,-0.0512932943875506,4.66666666666668,-12.3333333333333,58.6666666666667,56,60.3333333333333,75.6666666666667,0.0795454545454548,-0.162995594713656,-0.127833371509885,-0.174353387144778,-0.0998203352822109,0.126632650933366,1.08108108108108,0.0779615414697119,1.66666666666668,-1.66666666666666,51.6666666666667,52.6666666666667,52,55,0.0322580645161293,-0.0303030303030303,0.0462128431551314,0.0653827592628515,0.0526437334854219,0.108733200136466,0.853754940711463,-0.158111081043355,-0.666666666666671,-6.33333333333333,72.6666666666667,63.6666666666667,66,78.3333333333333,-0.00917431192660557,-0.0808510638297872,-0.148894425938431,-0.28111606068089,-0.245122458032985,-0.0738039745833613
2017.5,55.3333333333333,59.6666666666667,72,62,39.6666666666667,57,54,54,49.3333333333333,60.3333333333333,34251,1.65288099604285,0.50251982353274,4581,2817,29670,36196,39749,31434,0.154398382204247,0.0896163389959916,0.35894049647317,0.557752677659327,0.651388745721628,0.416694171824578,0.601449275362319,-0.508413077360607,-9.99999999999999,-13,65.3333333333333,59.6666666666667,61,68.3333333333333,-0.153061224489796,-0.190243902439024,-0.342286206486633,-0.433015059876395,-0.410914712875729,-0.297390886578742,0.836448598130841,-0.178590209181097,-8.66666666666667,-2.33333333333334,68.3333333333333,70.3333333333333,60,62,-0.126829268292683,-0.0376344086021507,-0.0429660358834432,-0.0141178815457849,-0.173019164131641,-0.14022934130865,0.853754940711463,-0.158111081043355,-7.66666666666667,-6.33333333333333,79.6666666666667,75.3333333333333,73.3333333333333,78.3333333333333,-0.096234309623431,-0.0808510638297872,-0.0569259367960095,-0.112854489455234,-0.139761942375159,-0.0738039745833613,0.794871794871795,-0.2295744416445,-9,-6.33333333333333,71,67,61.3333333333333,68.3333333333333,-0.126760563380282,-0.0926829268292682,-0.0940289496482763,-0.152016207298626,-0.240385357748716,-0.132311136219293,1.10185185185185,0.0969922659873095,-5,-6.66666666666668,44.6666666666667,46.3333333333333,39,46.3333333333333,-0.111940298507463,-0.143884892086331,0.215708572826691,0.252342706006472,0.0800427076735364,0.252342706006472,0.850746268656716,-0.161641351556416,-9,-7,66,73,63.6666666666667,64,-0.136363636363636,-0.109375,-0.0150378773645406,0.0857668217574251,-0.051031480012446,-0.0458095360312942,0.920454545454546,-0.0828876598057675,-4,-5.33333333333334,58,63,55,59.3333333333333,-0.0689655172413793,-0.0898876404494382,-0.0114286958236226,0.0712630200214907,-0.064538521137571,0.0112995552539335,0.81,-0.210721031315653,-9.33333333333334,-6.33333333333334,63.3333333333333,58.6666666666667,56,60.3333333333333,-0.147368421052632,-0.104972375690608,-0.0512932943875506,-0.127833371509885,-0.174353387144778,-0.0998203352822109,1,0,-4,-2.66666666666666,53.3333333333333,51.6666666666667,52.6666666666667,52,-0.075,-0.0512820512820512,0.0779615414697119,0.0462128431551314,0.0653827592628515,0.0526437334854219,0.715415019762846,-0.334892457461694,-11.6666666666667,-5.66666666666666,72,72.6666666666667,63.6666666666667,66,-0.162037037037037,-0.0858585858585858,-0.158111081043355,-0.148894425938431,-0.28111606068089,-0.245122458032985
2017.75,52.3333333333333,59.3333333333333,71.3333333333333,58.6666666666667,40.3333333333333,63.3333333333333,53,51,50.3333333333333,60.6666666666667,45523,2.19684393398321,0.787021754913531,11272,5774,34251,29670,36196,39749,0.329099880295466,0.145261516012981,0.50251982353274,0.35894049647317,0.557752677659327,0.651388745721628,0.568840579710145,-0.564155060368842,-3,-8.66666666666666,55.3333333333333,65.3333333333333,59.6666666666667,61,-0.0542168674698795,-0.14207650273224,-0.508413077360607,-0.342286206486633,-0.433015059876395,-0.410914712875729,0.83177570093458,-0.184192464729766,-0.333333333333321,-0.666666666666664,59.6666666666667,68.3333333333333,70.3333333333333,60,-0.00558659217877075,-0.0111111111111111,-0.178590209181097,-0.0429660358834432,-0.0141178815457849,-0.173019164131641,0.845849802371542,-0.167413473705669,-0.666666666666671,-2,72,79.6666666666667,75.3333333333333,73.3333333333333,-0.00925925925925932,-0.0272727272727273,-0.158111081043355,-0.0569259367960095,-0.112854489455234,-0.139761942375159,0.752136752136752,-0.28483712031955,-3.33333333333334,-2.66666666666668,62,71,67,61.3333333333333,-0.0537634408602152,-0.0434782608695654,-0.2295744416445,-0.0940289496482763,-0.152016207298626,-0.240385357748716,1.12037037037037,0.113659318472521,0.666666666666679,1.33333333333334,39.6666666666667,44.6666666666667,46.3333333333333,39,0.0168067226890759,0.0341880341880342,0.0969922659873095,0.215708572826691,0.252342706006472,0.0800427076735364,0.945273631840796,-0.0562808358985896,6.33333333333334,-0.333333333333321,57,66,73,63.6666666666667,0.111111111111111,-0.00523560209424065,-0.161641351556416,-0.0150378773645406,0.0857668217574251,-0.051031480012446,0.903409090909091,-0.10157979281792,-1,-2,54,58,63,55,-0.0185185185185185,-0.0363636363636364,-0.0828876598057675,-0.0114286958236226,0.0712630200214907,-0.064538521137571,0.765,-0.267879445155601,-3,-5,54,63.3333333333333,58.6666666666667,56,-0.0555555555555556,-0.0892857142857143,-0.210721031315653,-0.0512932943875506,-0.127833371509885,-0.174353387144778,1.02027027027027,0.0200675630508092,1,-2.33333333333332,49.3333333333333,53.3333333333333,51.6666666666667,52.6666666666667,0.0202702702702703,-0.0443037974683542,0,0.0779615414697119,0.0462128431551314,0.0653827592628515,0.719367588932806,-0.329382801650725,0.333333333333321,-3,60.3333333333333,72,72.6666666666667,63.6666666666667,0.00552486187845284,-0.0471204188481675,-0.334892457461694,-0.158111081043355,-0.148894425938431,-0.28111606068089
2018,52,73.6666666666667,83,74.6666666666667,55,76,71.6666666666667,75.6666666666667,72.3333333333333,83,40925,1.97495415500434,0.680545185427639,-4598,4729,45523,34251,29670,36196,-0.101003888144454,0.13064979555752,0.787021754913531,0.50251982353274,0.35894049647317,0.557752677659327,0.565217391304348,-0.570544858467613,-0.333333333333336,-7.66666666666666,52.3333333333333,55.3333333333333,65.3333333333333,59.6666666666667,-0.0063694267515924,-0.128491620111732,-0.564155060368842,-0.508413077360607,-0.342286206486633,-0.433015059876395,1.03271028037383,0.0321866864959015,14.3333333333333,3.33333333333334,59.3333333333333,59.6666666666667,68.3333333333333,70.3333333333333,0.241573033707865,0.0473933649289101,-0.184192464729766,-0.178590209181097,-0.0429660358834432,-0.0141178815457849,0.984189723320158,-0.0159365922628125,11.6666666666667,7.66666666666667,71.3333333333333,72,79.6666666666667,75.3333333333333,0.163551401869159,0.101769911504425,-0.167413473705669,-0.158111081043355,-0.0569259367960095,-0.112854489455234,0.957264957264957,-0.0436750635026615,16,7.66666666666667,58.6666666666667,62,71,67,0.272727272727273,0.114427860696517,-0.28483712031955,-0.2295744416445,-0.0940289496482763,-0.152016207298626,1.52777777777778,0.423814246776361,14.6666666666667,8.66666666666666,40.3333333333333,39.6666666666667,44.6666666666667,46.3333333333333,0.363636363636364,0.18705035971223,0.113659318472521,0.0969922659873095,0.215708572826691,0.252342706006472,1.13432835820896,0.126040720895365,12.6666666666667,3,63.3333333333333,57,66,73,0.2,0.0410958904109589,-0.0562808358985896,-0.161641351556416,-0.0150378773645406,0.0857668217574251,1.22159090909091,0.200154033089511,18.6666666666667,8.66666666666667,53,54,58,63,0.352201257861635,0.137566137566138,-0.10157979281792,-0.0828876598057675,-0.0114286958236226,0.0712630200214907,1.135,0.126632650933366,24.6666666666667,17,51,54,63.3333333333333,58.6666666666667,0.483660130718954,0.289772727272728,-0.267879445155601,-0.210721031315653,-0.0512932943875506,-0.127833371509885,1.46621621621622,0.382685079776344,22,20.6666666666667,50.3333333333333,49.3333333333333,53.3333333333333,51.6666666666667,0.437086092715232,0.4,0.0200675630508092,0,0.0779615414697119,0.0462128431551314,0.984189723320158,-0.0159365922628125,22.3333333333333,10.3333333333333,60.6666666666667,60.3333333333333,72,72.6666666666667,0.368131868131868,0.142201834862385,-0.329382801650725,-0.334892457461694,-0.158111081043355,-0.148894425938431
2018.25,65,73,87.6666666666667,76.3333333333333,53,75,65,70.6666666666667,58.3333333333333,77.6666666666667,37609,1.81493099121706,0.596047445625975,-3316,7939,40925,45523,34251,29670,-0.0810262675626145,0.26757667677789,0.680545185427639,0.787021754913531,0.50251982353274,0.35894049647317,0.706521739130435,-0.347401307153403,13,-0.333333333333329,52,52.3333333333333,55.3333333333333,65.3333333333333,0.25,-0.00510204081632646,-0.570544858467613,-0.564155060368842,-0.508413077360607,-0.342286206486633,1.02336448598131,0.0230957147946494,-0.666666666666671,4.66666666666667,73.6666666666667,59.3333333333333,59.6666666666667,68.3333333333333,-0.00904977375565617,0.0682926829268293,0.0321866864959015,-0.184192464729766,-0.178590209181097,-0.0429660358834432,1.0395256916996,0.0387645434502445,4.66666666666667,8,83,71.3333333333333,72,79.6666666666667,0.0562248995983936,0.100418410041841,-0.0159365922628125,-0.167413473705669,-0.158111081043355,-0.0569259367960095,0.978632478632479,-0.0215991118034618,1.66666666666666,5.33333333333333,74.6666666666667,58.6666666666667,62,71,0.0223214285714284,0.0751173708920187,-0.0436750635026615,-0.28483712031955,-0.2295744416445,-0.0940289496482763,1.47222222222222,0.386772975096012,-2,8.33333333333334,55,40.3333333333333,39.6666666666667,44.6666666666667,-0.0363636363636364,0.186567164179105,0.423814246776361,0.113659318472521,0.0969922659873095,0.215708572826691,1.11940298507463,0.112795494145344,-1,9,76,63.3333333333333,57,66,-0.0131578947368421,0.136363636363636,0.126040720895365,-0.0562808358985896,-0.161641351556416,-0.0150378773645406,1.10795454545455,0.102515563525595,-6.66666666666667,7,71.6666666666667,53,54,58,-0.0930232558139535,0.120689655172414,0.200154033089511,-0.10157979281792,-0.0828876598057675,-0.0114286958236226,1.06,0.0582689081239758,-5,7.33333333333334,75.6666666666667,51,54,63.3333333333333,-0.066079295154185,0.115789473684211,0.126632650933366,-0.267879445155601,-0.210721031315653,-0.0512932943875506,1.18243243243243,0.167573700159399,-14,5,72.3333333333333,50.3333333333333,49.3333333333333,53.3333333333333,-0.193548387096774,0.09375,0.382685079776344,0.0200675630508092,0,0.0779615414697119,0.920948616600791,-0.0823510351618195,-5.33333333333333,5.66666666666667,83,60.6666666666667,60.3333333333333,72,-0.0642570281124497,0.0787037037037038,-0.0159365922628125,-0.329382801650725,-0.334892457461694,-0.158111081043355
2018.5,52.6666666666667,66.3333333333333,78.6666666666667,69,53,65.6666666666667,64.6666666666667,64.3333333333333,65,70,44166,2.13135797702924,0.756759324475064,6557,9915,37609,40925,45523,34251,0.174346565981547,0.289480599106595,0.596047445625975,0.680545185427639,0.787021754913531,0.50251982353274,0.572463768115942,-0.557805832690183,-12.3333333333333,-2.66666666666668,65,52,52.3333333333333,55.3333333333333,-0.18974358974359,-0.0481927710843376,-0.347401307153403,-0.570544858467613,-0.564155060368842,-0.508413077360607,0.929906542056075,-0.072671190297359,-6.66666666666667,6.66666666666667,73,73.6666666666667,59.3333333333333,59.6666666666667,-0.0913242009132421,0.111731843575419,0.0230957147946494,0.0321866864959015,-0.184192464729766,-0.178590209181097,0.932806324110672,-0.0695576837019101,-9,6.66666666666667,87.6666666666667,83,71.3333333333333,72,-0.102661596958175,0.0925925925925927,0.0387645434502445,-0.0159365922628125,-0.167413473705669,-0.158111081043355,0.884615384615385,-0.122602322092332,-7.33333333333333,7,76.3333333333333,74.6666666666667,58.6666666666667,62,-0.0960698689956331,0.112903225806452,-0.0215991118034618,-0.0436750635026615,-0.28483712031955,-0.2295744416445,1.47222222222222,0.386772975096012,0,13.3333333333333,53,55,40.3333333333333,39.6666666666667,0,0.336134453781513,0.386772975096012,0.423814246776361,0.113659318472521,0.0969922659873095,0.980099502487562,-0.0201011793210872,-9.33333333333333,8.66666666666667,75,76,63.3333333333333,57,-0.124444444444444,0.152046783625731,0.112795494145344,0.126040720895365,-0.0562808358985896,-0.161641351556416,1.10227272727273,0.0973741640251766,-0.333333333333329,10.6666666666667,65,71.6666666666667,53,54,-0.00512820512820506,0.197530864197531,0.102515563525595,0.200154033089511,-0.10157979281792,-0.0828876598057675,0.965,-0.0356271776431513,-6.33333333333334,10.3333333333333,70.6666666666667,75.6666666666667,51,54,-0.0896226415094341,0.191358024691358,0.0582689081239758,0.126632650933366,-0.267879445155601,-0.210721031315653,1.31756756756757,0.275787284799632,6.66666666666666,15.6666666666667,58.3333333333333,72.3333333333333,50.3333333333333,49.3333333333333,0.114285714285714,0.317567567567567,0.167573700159399,0.382685079776344,0.0200675630508092,0,0.8300395256917,-0.186281958010051,-7.66666666666667,9.66666666666666,77.6666666666667,83,60.6666666666667,60.3333333333333,-0.0987124463519314,0.160220994475138,-0.0823510351618195,-0.0159365922628125,-0.329382801650725,-0.334892457461694
2018.75,49,69,81.3333333333333,65.6666666666667,53,70.6666666666667,65,67.6666666666667,70.3333333333333,73,57370,2.76855515876846,1.01832558078422,13204,11847,44166,37609,40925,45523,0.298963003215143,0.260242075434396,0.756759324475064,0.596047445625975,0.680545185427639,0.787021754913531,0.532608695652174,-0.629968278938414,-3.66666666666666,-3.33333333333334,52.6666666666667,65,52,52.3333333333333,-0.0696202531645568,-0.0636942675159236,-0.557805832690183,-0.347401307153403,-0.570544858467613,-0.564155060368842,0.967289719626168,-0.0332572217564824,2.66666666666667,9.66666666666666,66.3333333333333,73,73.6666666666667,59.3333333333333,0.0402010050251257,0.162921348314607,-0.072671190297359,0.0230957147946494,0.0321866864959015,-0.184192464729766,0.964426877470356,-0.0362212634343184,2.66666666666666,10,78.6666666666667,87.6666666666667,83,71.3333333333333,0.0338983050847456,0.14018691588785,-0.0695576837019101,0.0387645434502445,-0.0159365922628125,-0.167413473705669,0.841880341880342,-0.172117386619713,-3.33333333333333,7.00000000000001,69,76.3333333333333,74.6666666666667,58.6666666666667,-0.0483091787439613,0.119318181818182,-0.122602322092332,-0.0215991118034618,-0.0436750635026615,-0.28483712031955,1.47222222222222,0.386772975096012,0,12.6666666666667,53,53,55,40.3333333333333,0,0.314049586776859,0.386772975096012,0.386772975096012,0.423814246776361,0.113659318472521,1.0547263681592,0.0532813666129368,5,7.33333333333334,65.6666666666667,75,76,63.3333333333333,0.0761421319796954,0.115789473684211,-0.0201011793210872,0.112795494145344,0.126040720895365,-0.0562808358985896,1.10795454545455,0.102515563525595,0.333333333333329,12,64.6666666666667,65,71.6666666666667,53,0.00515463917525766,0.226415094339623,0.0973741640251766,0.102515563525595,0.200154033089511,-0.10157979281792,1.015,0.0148886124937506,3.33333333333334,16.6666666666667,64.3333333333333,70.6666666666667,75.6666666666667,51,0.0518134715025908,0.326797385620915,-0.0356271776431513,0.0582689081239758,0.126632650933366,-0.267879445155601,1.42567567567568,0.354645859711951,5.33333333333333,20,65,58.3333333333333,72.3333333333333,50.3333333333333,0.082051282051282,0.397350993377483,0.275787284799632,0.167573700159399,0.382685079776344,0.0200675630508092,0.865612648221344,-0.144317758911019,3,12.3333333333333,70,77.6666666666667,83,60.6666666666667,0.0428571428571429,0.203296703296703,-0.186281958010051,-0.0823510351618195,-0.0159365922628125,-0.329382801650725
2019,48.6666666666667,80.3333333333333,83.3333333333333,79,59.3333333333333,80.6666666666667,73,75.6666666666667,74,81.3333333333333,50871,2.45492713058585,0.89809707876354,-6499,9946,57370,44166,37609,40925,-0.113282203242113,0.24302993280391,1.01832558078422,0.756759324475064,0.596047445625975,0.680545185427639,0.528985507246377,-0.636794244008814,-0.333333333333343,-3.33333333333334,49,52.6666666666667,65,52,-0.00680272108843557,-0.0641025641025643,-0.629968278938414,-0.557805832690183,-0.347401307153403,-0.570544858467613,1.12616822429907,0.118820918468803,11.3333333333333,6.66666666666666,69,66.3333333333333,73,73.6666666666667,0.164251207729469,0.090497737556561,-0.0332572217564824,-0.072671190297359,0.0230957147946494,0.0321866864959015,0.988142292490119,-0.0119285708652738,2,0.333333333333329,81.3333333333333,78.6666666666667,87.6666666666667,83,0.0245901639344262,0.00401606425702806,-0.0362212634343184,-0.0695576837019101,0.0387645434502445,-0.0159365922628125,1.01282051282051,0.0127390257774297,13.3333333333333,4.33333333333333,65.6666666666667,69,76.3333333333333,74.6666666666667,0.203045685279188,0.0580357142857142,-0.172117386619713,-0.122602322092332,-0.0215991118034618,-0.0436750635026615,1.64814814814815,0.499652323167865,6.33333333333334,4.33333333333334,53,53,53,55,0.119496855345912,0.0787878787878788,0.386772975096012,0.386772975096012,0.386772975096012,0.423814246776361,1.20398009950249,0.185632818097611,10,4.66666666666667,70.6666666666667,65.6666666666667,75,76,0.141509433962264,0.0614035087719299,0.0532813666129368,-0.0201011793210872,0.112795494145344,0.126040720895365,1.24431818181818,0.218587734778349,8,1.33333333333333,65,64.6666666666667,65,71.6666666666667,0.123076923076923,0.0186046511627906,0.102515563525595,0.0973741640251766,0.102515563525595,0.200154033089511,1.135,0.126632650933366,8,0,67.6666666666667,64.3333333333333,70.6666666666667,75.6666666666667,0.118226600985222,0,0.0148886124937506,-0.0356271776431513,0.0582689081239758,0.126632650933366,1.5,0.405465108108164,3.66666666666667,1.66666666666667,70.3333333333333,65,58.3333333333333,72.3333333333333,0.052132701421801,0.0230414746543779,0.354645859711951,0.275787284799632,0.167573700159399,0.382685079776344,0.964426877470356,-0.0362212634343184,8.33333333333333,-1.66666666666667,73,70,77.6666666666667,83,0.114155251141552,-0.0200803212851406,-0.144317758911019,-0.186281958010051,-0.0823510351618195,-0.0159365922628125
2019.25,55.3333333333333,78.6666666666667,92.6666666666667,78.3333333333333,59.3333333333333,78,73.3333333333333,79.3333333333333,79.6666666666667,83.6666666666667,41185,1.98750120644725,0.686878174563652,-9686,3576,50871,57370,44166,37609,-0.190403176662539,0.0950836236007339,0.89809707876354,1.01832558078422,0.756759324475064,0.596047445625975,0.601449275362319,-0.508413077360607,6.66666666666668,-9.66666666666666,48.6666666666667,49,52.6666666666667,65,0.136986301369863,-0.148717948717949,-0.636794244008814,-0.629968278938414,-0.557805832690183,-0.347401307153403,1.10280373831776,0.0978557900037587,-1.66666666666666,5.66666666666667,80.3333333333333,69,66.3333333333333,73,-0.0207468879668049,0.0776255707762558,0.118820918468803,-0.0332572217564824,-0.072671190297359,0.0230957147946494,1.09881422924901,0.0942316249631171,9.33333333333336,5.00000000000001,83.3333333333333,81.3333333333333,78.6666666666667,87.6666666666667,0.112,0.0570342205323196,-0.0119285708652738,-0.0362212634343184,-0.0695576837019101,0.0387645434502445,1.0042735042735,0.00426439878645752,-0.666666666666671,2,79,65.6666666666667,69,76.3333333333333,-0.0084388185654009,0.0262008733624454,0.0127390257774297,-0.172117386619713,-0.122602322092332,-0.0215991118034618,1.64814814814815,0.499652323167865,0,6.33333333333334,59.3333333333333,53,53,53,0,0.119496855345912,0.499652323167865,0.386772975096012,0.386772975096012,0.386772975096012,1.16417910447761,0.152016207298626,-2.66666666666667,3,80.6666666666667,70.6666666666667,65.6666666666667,75,-0.0330578512396695,0.04,0.185632818097611,0.0532813666129368,-0.0201011793210872,0.112795494145344,1.25,0.22314355131421,0.333333333333329,8.33333333333333,73,65,64.6666666666667,65,0.00456621004566204,0.128205128205128,0.218587734778349,0.102515563525595,0.0973741640251766,0.102515563525595,1.19,0.173953307123438,3.66666666666666,8.66666666666666,75.6666666666667,67.6666666666667,64.3333333333333,70.6666666666667,0.0484581497797356,0.122641509433962,0.126632650933366,0.0148886124937506,-0.0356271776431513,0.0582689081239758,1.61486486486486,0.479251278167396,5.66666666666667,21.3333333333333,74,70.3333333333333,65,58.3333333333333,0.0765765765765766,0.365714285714286,0.405465108108164,0.354645859711951,0.275787284799632,0.167573700159399,0.992094861660079,-0.00793654959573619,2.33333333333334,6,81.3333333333333,73,70,77.6666666666667,0.028688524590164,0.0772532188841202,-0.0362212634343184,-0.144317758911019,-0.186281958010051,-0.0823510351618195
2019.5,48.3333333333333,71.3333333333333,79.3333333333333,71.3333333333333,56.6666666666667,71,71,71.3333333333333,72,72,49704,2.39861017276325,0.874889474931833,8519,5538,41185,50871,57370,44166,0.206847153089717,0.125390571933161,0.686878174563652,0.89809707876354,1.01832558078422,0.756759324475064,0.52536231884058,-0.643667123296576,-7,-4.33333333333332,55.3333333333333,48.6666666666667,49,52.6666666666667,-0.126506024096386,-0.082278481012658,-0.508413077360607,-0.636794244008814,-0.629968278938414,-0.557805832690183,1,0,-7.33333333333334,5,78.6666666666667,80.3333333333333,69,66.3333333333333,-0.093220338983051,0.0753768844221106,0.0978557900037587,0.118820918468803,-0.0332572217564824,-0.072671190297359,0.940711462450593,-0.0611188150560455,-13.3333333333334,0.666666666666657,92.6666666666667,83.3333333333333,81.3333333333333,78.6666666666667,-0.143884892086331,0.00847457627118632,0.0942316249631171,-0.0119285708652738,-0.0362212634343184,-0.0695576837019101,0.914529914529915,-0.08934510033585,-7,2.33333333333333,78.3333333333333,79,65.6666666666667,69,-0.0893617021276596,0.0338164251207729,0.00426439878645752,0.0127390257774297,-0.172117386619713,-0.122602322092332,1.57407407407407,0.453667209926042,-2.66666666666668,3.66666666666666,59.3333333333333,59.3333333333333,53,53,-0.0449438202247193,0.0691823899371067,0.499652323167865,0.499652323167865,0.386772975096012,0.386772975096012,1.05970149253731,0.0579872576503493,-7,5.33333333333333,78,80.6666666666667,70.6666666666667,65.6666666666667,-0.0897435897435897,0.081218274111675,0.152016207298626,0.185632818097611,0.0532813666129368,-0.0201011793210872,1.21022727272727,0.190808170671274,-2.33333333333333,6.33333333333333,73.3333333333333,73,65,64.6666666666667,-0.0318181818181818,0.0979381443298968,0.22314355131421,0.218587734778349,0.102515563525595,0.0973741640251766,1.07,0.0676586484738147,-8,7,79.3333333333333,75.6666666666667,67.6666666666667,64.3333333333333,-0.100840336134454,0.10880829015544,0.173953307123438,0.126632650933366,0.0148886124937506,-0.0356271776431513,1.45945945945946,0.37806613392005,-7.66666666666667,7,79.6666666666667,74,70.3333333333333,65,-0.096234309623431,0.107692307692308,0.479251278167396,0.405465108108164,0.354645859711951,0.275787284799632,0.853754940711463,-0.158111081043355,-11.6666666666667,2,83.6666666666667,81.3333333333333,73,70,-0.139442231075697,0.0285714285714286,-0.00793654959573619,-0.0362212634343184,-0.144317758911019,-0.186281958010051
2019.75,45,83.6666666666667,78,69.6666666666667,62.6666666666667,72.6666666666667,68.6666666666667,72.3333333333333,76.6666666666667,73,64323,3.104092269086,1.1327213277445,14619,6953,49704,41185,50871,57370,0.294121197489136,0.121195746906048,0.874889474931833,0.686878174563652,0.89809707876354,1.01832558078422,0.489130434782609,-0.71512608727872,-3.33333333333334,-4,48.3333333333333,55.3333333333333,48.6666666666667,49,-0.0689655172413794,-0.0816326530612245,-0.643667123296576,-0.508413077360607,-0.636794244008814,-0.629968278938414,1.17289719626168,0.159476924109932,12.3333333333333,14.6666666666667,71.3333333333333,78.6666666666667,80.3333333333333,69,0.172897196261682,0.21256038647343,0,0.0978557900037587,0.118820918468803,-0.0332572217564824,0.924901185770751,-0.0780683733698187,-1.33333333333333,-3.33333333333333,79.3333333333333,92.6666666666667,83.3333333333333,81.3333333333333,-0.0168067226890756,-0.040983606557377,-0.0611188150560455,0.0942316249631171,-0.0119285708652738,-0.0362212634343184,0.893162393162393,-0.11298686339289,-1.66666666666666,4,71.3333333333333,78.3333333333333,79,65.6666666666667,-0.0233644859813083,0.0609137055837563,-0.08934510033585,0.00426439878645752,0.0127390257774297,-0.172117386619713,1.74074074074074,0.554310735705729,6,9.66666666666666,56.6666666666667,59.3333333333333,59.3333333333333,53,0.105882352941176,0.182389937106918,0.453667209926042,0.499652323167865,0.499652323167865,0.386772975096012,1.08457711442786,0.0811901547300134,1.66666666666667,2,71,78,80.6666666666667,70.6666666666667,0.0234741784037559,0.0283018867924528,0.0579872576503493,0.152016207298626,0.185632818097611,0.0532813666129368,1.17045454545455,0.157392173751429,-2.33333333333333,3.66666666666667,71,73.3333333333333,73,65,-0.0328638497652581,0.0564102564102565,0.190808170671274,0.22314355131421,0.218587734778349,0.102515563525595,1.085,0.0815799869924226,1,4.66666666666666,71.3333333333333,79.3333333333333,75.6666666666667,67.6666666666667,0.014018691588785,0.0689655172413792,0.0676586484738147,0.173953307123438,0.126632650933366,0.0148886124937506,1.55405405405405,0.44086703515908,4.66666666666667,6.33333333333334,72,79.6666666666667,74,70.3333333333333,0.0648148148148149,0.090047393364929,0.37806613392005,0.479251278167396,0.405465108108164,0.354645859711951,0.865612648221344,-0.144317758911019,1,0,72,83.6666666666667,81.3333333333333,73,0.0138888888888889,0,-0.158111081043355,-0.00793654959573619,-0.0362212634343184,-0.144317758911019
2020,49.6666666666667,79.6666666666667,88.6666666666667,83.3333333333333,64.3333333333333,91.6666666666667,83.3333333333333,88.6666666666667,71.3333333333333,87.3333333333333,54887,2.64873081748866,0.974080588474538,-9436,4016,64323,49704,41185,50871,-0.146697137882251,0.078944781899314,1.1327213277445,0.874889474931833,0.686878174563652,0.89809707876354,0.539855072463768,-0.616454559771691,4.66666666666666,1,45,48.3333333333333,55.3333333333333,48.6666666666667,0.103703703703703,0.0205479452054795,-0.71512608727872,-0.643667123296576,-0.508413077360607,-0.636794244008814,1.11682242990654,0.110487536909659,-4,-0.666666666666657,83.6666666666667,71.3333333333333,78.6666666666667,80.3333333333333,-0.047808764940239,-0.00829875518672187,0.159476924109932,0,0.0978557900037587,0.118820918468803,1.05138339920949,0.050106820054179,10.6666666666667,5.33333333333334,78,79.3333333333333,92.6666666666667,83.3333333333333,0.136752136752137,0.0640000000000001,-0.0780683733698187,-0.0611188150560455,0.0942316249631171,-0.0119285708652738,1.06837606837607,0.066139802504545,13.6666666666667,4.33333333333333,69.6666666666667,71.3333333333333,78.3333333333333,79,0.196172248803828,0.0548523206751054,-0.11298686339289,-0.08934510033585,0.00426439878645752,0.0127390257774297,1.78703703703704,0.580558961780666,1.66666666666667,4.99999999999999,62.6666666666667,56.6666666666667,59.3333333333333,59.3333333333333,0.0265957446808511,0.0842696629213482,0.554310735705729,0.453667209926042,0.499652323167865,0.499652323167865,1.3681592039801,0.313466189607496,19,11,72.6666666666667,71,78,80.6666666666667,0.261467889908257,0.136363636363637,0.0811901547300134,0.0579872576503493,0.152016207298626,0.185632818097611,1.42045454545455,0.350976922824095,14.6666666666667,10.3333333333333,68.6666666666667,71,73.3333333333333,73,0.213592233009709,0.141552511415525,0.157392173751429,0.190808170671274,0.22314355131421,0.218587734778349,1.33,0.285178942233662,16.3333333333333,13,72.3333333333333,71.3333333333333,79.3333333333333,75.6666666666667,0.225806451612903,0.171806167400881,0.0815799869924226,0.0676586484738147,0.173953307123438,0.126632650933366,1.44594594594595,0.368763741257736,-5.33333333333334,-2.66666666666667,76.6666666666667,72,79.6666666666667,74,-0.0695652173913045,-0.0360360360360361,0.44086703515908,0.37806613392005,0.479251278167396,0.405465108108164,1.03557312252964,0.0349550150335766,14.3333333333333,6,73,72,83.6666666666667,81.3333333333333,0.19634703196347,0.0737704918032787,-0.144317758911019,-0.158111081043355,-0.00793654959573619,-0.0362212634343184
2020.25,51,73,86.6666666666667,78.3333333333333,66,80,70,83.3333333333333,69,76,43685,2.10814593185986,0.745808855920498,-11202,2500,54887,64323,49704,41185,-0.204092043653324,0.0607017117882724,0.974080588474538,1.1327213277445,0.874889474931833,0.686878174563652,0.554347826086957,-0.589962944324715,1.33333333333334,-4.33333333333334,49.6666666666667,45,48.3333333333333,55.3333333333333,0.0268456375838928,-0.0783132530120482,-0.616454559771691,-0.71512608727872,-0.643667123296576,-0.508413077360607,1.02336448598131,0.0230957147946494,-6.66666666666667,-5.66666666666667,79.6666666666667,83.6666666666667,71.3333333333333,78.6666666666667,-0.0836820083682009,-0.0720338983050848,0.110487536909659,0.159476924109932,0,0.0978557900037587,1.02766798418972,0.0272921422880076,-2,-6.00000000000001,88.6666666666667,78,79.3333333333333,92.6666666666667,-0.0225563909774436,-0.0647482014388491,0.050106820054179,-0.0780683733698187,-0.0611188150560455,0.0942316249631171,1.0042735042735,0.00426439878645752,-5,0,83.3333333333333,69.6666666666667,71.3333333333333,78.3333333333333,-0.06,0,0.066139802504545,-0.11298686339289,-0.08934510033585,0.00426439878645752,1.83333333333333,0.606135803570315,1.66666666666667,6.66666666666666,64.3333333333333,62.6666666666667,56.6666666666667,59.3333333333333,0.0259067357512954,0.112359550561798,0.580558961780666,0.554310735705729,0.453667209926042,0.499652323167865,1.19402985074627,0.177334015282915,-11.6666666666667,2,91.6666666666667,72.6666666666667,71,78,-0.127272727272727,0.0256410256410256,0.313466189607496,0.0811901547300134,0.0579872576503493,0.152016207298626,1.19318181818182,0.176623535679317,-13.3333333333333,-3.33333333333333,83.3333333333333,68.6666666666667,71,73.3333333333333,-0.16,-0.0454545454545454,0.350976922824095,0.157392173751429,0.190808170671274,0.22314355131421,1.25,0.22314355131421,-5.33333333333334,4,88.6666666666667,72.3333333333333,71.3333333333333,79.3333333333333,-0.0601503759398497,0.0504201680672269,0.285178942233662,0.0815799869924226,0.0676586484738147,0.173953307123438,1.39864864864865,0.335506519501254,-2.33333333333333,-10.6666666666667,71.3333333333333,76.6666666666667,72,79.6666666666667,-0.0327102803738317,-0.133891213389121,0.368763741257736,0.44086703515908,0.37806613392005,0.479251278167396,0.901185770750988,-0.104043859773079,-11.3333333333333,-7.66666666666667,87.3333333333333,73,72,83.6666666666667,-0.129770992366412,-0.0916334661354582,0.0349550150335766,-0.144317758911019,-0.158111081043355,-0.00793654959573619
2020.5,48.6666666666667,70.3333333333333,86,81,60,84,80.3333333333333,85.3333333333333,62,74,44629,2.15370138017566,0.767187934107532,944,-5075,43685,54887,64323,49704,0.0216092480256381,-0.102104458393691,0.745808855920498,0.974080588474538,1.1327213277445,0.874889474931833,0.528985507246377,-0.636794244008814,-2.33333333333334,0.333333333333321,51,49.6666666666667,45,48.3333333333333,-0.0457516339869283,0.00689655172413769,-0.589962944324715,-0.616454559771691,-0.71512608727872,-0.643667123296576,0.985981308411215,-0.0141178815457849,-2.66666666666667,-1,73,79.6666666666667,83.6666666666667,71.3333333333333,-0.0365296803652969,-0.014018691588785,0.0230957147946494,0.110487536909659,0.159476924109932,0,1.0197628458498,0.0195700961940973,-0.666666666666671,6.66666666666667,86.6666666666667,88.6666666666667,78,79.3333333333333,-0.00769230769230775,0.0840336134453782,0.0272921422880076,0.050106820054179,-0.0780683733698187,-0.0611188150560455,1.03846153846154,0.0377403279828471,2.66666666666667,9.66666666666667,78.3333333333333,83.3333333333333,69.6666666666667,71.3333333333333,0.0340425531914894,0.135514018691589,0.00426439878645752,0.066139802504545,-0.11298686339289,-0.08934510033585,1.66666666666667,0.510825623765991,-6,3.33333333333334,66,64.3333333333333,62.6666666666667,56.6666666666667,-0.0909090909090909,0.0588235294117649,0.606135803570315,0.580558961780666,0.554310735705729,0.453667209926042,1.25373134328358,0.226124179452348,4,13,80,91.6666666666667,72.6666666666667,71,0.05,0.183098591549296,0.177334015282915,0.313466189607496,0.0811901547300134,0.0579872576503493,1.36931818181818,0.314312938452503,10.3333333333333,9.33333333333333,70,83.3333333333333,68.6666666666667,71,0.147619047619048,0.131455399061033,0.176623535679317,0.350976922824095,0.157392173751429,0.190808170671274,1.28,0.246860077931526,2,14,83.3333333333333,88.6666666666667,72.3333333333333,71.3333333333333,0.024,0.196261682242991,0.22314355131421,0.285178942233662,0.0815799869924226,0.0676586484738147,1.25675675675676,0.228534399949086,-7,-10,69,71.3333333333333,76.6666666666667,72,-0.101449275362319,-0.138888888888889,0.335506519501254,0.368763741257736,0.44086703515908,0.37806613392005,0.877470355731225,-0.130712106855241,-2,2,76,87.3333333333333,73,72,-0.0263157894736842,0.0277777777777778,-0.104043859773079,0.0349550150335766,-0.144317758911019,-0.158111081043355
2020.75,45.3333333333333,77.6666666666667,85.6666666666667,74.6666666666667,61,84.3333333333333,79.3333333333333,84.6666666666667,69.6666666666667,75.6666666666667,61719,2.97842872309623,1.09139588733064,17090,-2604,44629,43685,54887,64323,0.382934862981469,-0.0404831864185439,0.767187934107532,0.745808855920498,0.974080588474538,1.1327213277445,0.492753623188406,-0.707745979981098,-3.33333333333332,0.333333333333336,48.6666666666667,51,49.6666666666667,45,-0.0684931506849313,0.00740740740740746,-0.636794244008814,-0.589962944324715,-0.616454559771691,-0.71512608727872,1.08878504672897,0.0850624385438492,7.33333333333334,-6,70.3333333333333,73,79.6666666666667,83.6666666666667,0.104265402843602,-0.0717131474103586,-0.0141178815457849,0.0230957147946494,0.110487536909659,0.159476924109932,1.01581027667984,0.0156865961676997,-0.333333333333329,7.66666666666667,86,86.6666666666667,88.6666666666667,78,-0.00387596899224801,0.0982905982905984,0.0195700961940973,0.0272921422880076,0.050106820054179,-0.0780683733698187,0.957264957264957,-0.0436750635026615,-6.33333333333333,5,81,78.3333333333333,83.3333333333333,69.6666666666667,-0.0781893004115226,0.0717703349282297,0.0377403279828471,0.00426439878645752,0.066139802504545,-0.11298686339289,1.69444444444444,0.527354925717201,1,-1.66666666666666,60,66,64.3333333333333,62.6666666666667,0.0166666666666667,-0.0265957446808509,0.510825623765991,0.606135803570315,0.580558961780666,0.554310735705729,1.25870646766169,0.230084580668444,0.333333333333329,11.6666666666667,84,80,91.6666666666667,72.6666666666667,0.00396825396825391,0.160550458715596,0.226124179452348,0.177334015282915,0.313466189607496,0.0811901547300134,1.35227272727273,0.301786678633323,-1,10.6666666666667,80.3333333333333,70,83.3333333333333,68.6666666666667,-0.012448132780083,0.155339805825243,0.314312938452503,0.176623535679317,0.350976922824095,0.157392173751429,1.27,0.2390169004705,-0.666666666666657,12.3333333333333,85.3333333333333,83.3333333333333,88.6666666666667,72.3333333333333,-0.00781249999999989,0.170506912442396,0.246860077931526,0.22314355131421,0.285178942233662,0.0815799869924226,1.41216216216216,0.345121978200696,7.66666666666667,-7,62,69,71.3333333333333,76.6666666666667,0.123655913978495,-0.091304347826087,0.228534399949086,0.335506519501254,0.368763741257736,0.44086703515908,0.897233201581028,-0.108439471246117,1.66666666666667,2.66666666666667,74,76,87.3333333333333,73,0.0225225225225226,0.0365296803652969,-0.130712106855241,-0.104043859773079,0.0349550150335766,-0.144317758911019
2021,48.3333333333333,85,92.6666666666667,92.3333333333333,72.6666666666667,89,94.6666666666667,95.3333333333333,85.3333333333333,90,56318,2.71778785831483,0.999818262026047,-5401,1431,61719,44629,43685,54887,-0.087509518948784,0.0260717474083116,1.09139588733064,0.767187934107532,0.745808855920498,0.974080588474538,0.52536231884058,-0.643667123296576,3,-1.33333333333332,45.3333333333333,48.6666666666667,51,49.6666666666667,0.0661764705882353,-0.0268456375838924,-0.707745979981098,-0.636794244008814,-0.589962944324715,-0.616454559771691,1.19158878504673,0.175287530136575,7.33333333333333,5.33333333333333,77.6666666666667,70.3333333333333,73,79.6666666666667,0.094420600858369,0.0669456066945606,0.0850624385438492,-0.0141178815457849,0.0230957147946494,0.110487536909659,1.09881422924901,0.0942316249631171,7.00000000000001,4.00000000000001,85.6666666666667,86,86.6666666666667,88.6666666666667,0.0817120622568095,0.0451127819548874,0.0156865961676997,0.0195700961940973,0.0272921422880076,0.050106820054179,1.18376068376068,0.168696390829637,17.6666666666666,8.99999999999999,74.6666666666667,81,78.3333333333333,83.3333333333333,0.236607142857143,0.108,-0.0436750635026615,0.0377403279828471,0.00426439878645752,0.066139802504545,2.01851851851852,0.702363835664869,11.6666666666667,8.33333333333334,61,60,66,64.3333333333333,0.191256830601093,0.129533678756477,0.527354925717201,0.510825623765991,0.606135803570315,0.580558961780666,1.32835820895522,0.283943750341174,4.66666666666667,-2.66666666666669,84.3333333333333,84,80,91.6666666666667,0.0553359683794467,-0.0290909090909093,0.230084580668444,0.226124179452348,0.177334015282915,0.313466189607496,1.61363636363636,0.478490243123055,15.3333333333334,11.3333333333334,79.3333333333333,80.3333333333333,70,83.3333333333333,0.19327731092437,0.136,0.301786678633323,0.314312938452503,0.176623535679317,0.350976922824095,1.43,0.357674444271816,10.6666666666666,6.66666666666664,84.6666666666667,85.3333333333333,83.3333333333333,88.6666666666667,0.125984251968504,0.0751879699248118,0.2390169004705,0.246860077931526,0.22314355131421,0.285178942233662,1.72972972972973,0.547965170715447,15.6666666666667,14,69.6666666666667,62,69,71.3333333333333,0.224880382775119,0.196261682242991,0.345121978200696,0.228534399949086,0.335506519501254,0.368763741257736,1.06719367588933,0.0650324702708546,14.3333333333333,2.66666666666667,75.6666666666667,74,76,87.3333333333333,0.18942731277533,0.0305343511450382,-0.108439471246117,-0.130712106855241,-0.104043859773079,0.0349550150335766
2021.25,52.3333333333333,83.3333333333333,95.6666666666667,85.6666666666667,68.3333333333333,88.6666666666667,83.3333333333333,91,76.6666666666667,87.6666666666667,48074,2.31994981179423,0.84154555259691,-8244,4389,56318,61719,44629,43685,-0.146383039170425,0.100469268627675,0.999818262026047,1.09139588733064,0.767187934107532,0.745808855920498,0.568840579710145,-0.564155060368842,4,1.33333333333334,48.3333333333333,45.3333333333333,48.6666666666667,51,0.0827586206896552,0.0261437908496732,-0.643667123296576,-0.707745979981098,-0.636794244008814,-0.589962944324715,1.16822429906542,0.155484902840395,-1.66666666666667,10.3333333333333,85,77.6666666666667,70.3333333333333,73,-0.019607843137255,0.141552511415525,0.175287530136575,0.0850624385438492,-0.0141178815457849,0.0230957147946494,1.13438735177866,0.126092727032101,3,9.00000000000001,92.6666666666667,85.6666666666667,86,86.6666666666667,0.0323741007194245,0.103846153846154,0.0942316249631171,0.0156865961676997,0.0195700961940973,0.0272921422880076,1.0982905982906,0.0937549695375185,-6.66666666666664,7.33333333333334,92.3333333333333,74.6666666666667,81,78.3333333333333,-0.0722021660649817,0.0936170212765959,0.168696390829637,-0.0436750635026615,0.0377403279828471,0.00426439878645752,1.89814814814815,0.640878752014188,-4.33333333333334,2.33333333333333,72.6666666666667,61,60,66,-0.0596330275229359,0.0353535353535353,0.702363835664869,0.527354925717201,0.510825623765991,0.606135803570315,1.32338308457711,0.280191400722623,-0.333333333333329,8.66666666666667,89,84.3333333333333,84,80,-0.00374531835205987,0.108333333333333,0.283943750341174,0.230084580668444,0.226124179452348,0.177334015282915,1.42045454545455,0.350976922824095,-11.3333333333334,13.3333333333333,94.6666666666667,79.3333333333333,80.3333333333333,70,-0.119718309859155,0.19047619047619,0.478490243123055,0.301786678633323,0.314312938452503,0.176623535679317,1.365,0.311154428636923,-4.33333333333331,7.66666666666667,95.3333333333333,84.6666666666667,85.3333333333333,83.3333333333333,-0.0454545454545453,0.0920000000000001,0.357674444271816,0.2390169004705,0.246860077931526,0.22314355131421,1.55405405405405,0.44086703515908,-8.66666666666666,7.66666666666667,85.3333333333333,69.6666666666667,62,69,-0.1015625,0.111111111111111,0.547965170715447,0.345121978200696,0.228534399949086,0.335506519501254,1.0395256916996,0.0387645434502445,-2.33333333333333,11.6666666666667,90,75.6666666666667,74,76,-0.0259259259259259,0.153508771929825,0.0650324702708546,-0.108439471246117,-0.130712106855241,-0.104043859773079
2021.5,48,81,88.6666666666667,85.3333333333333,67.6666666666667,82,83.6666666666667,84.3333333333333,74,80,56985,2.74997587105492,1.01159213747814,8911,12356,48074,56318,61719,44629,0.185360069892249,0.276860337448744,0.84154555259691,0.999818262026047,1.09139588733064,0.767187934107532,0.521739130434783,-0.650587566141149,-4.33333333333334,-0.666666666666657,52.3333333333333,48.3333333333333,45.3333333333333,48.6666666666667,-0.0828025477707007,-0.0136986301369861,-0.564155060368842,-0.643667123296576,-0.707745979981098,-0.636794244008814,1.13551401869159,0.127085428318697,-2.33333333333333,10.6666666666667,83.3333333333333,85,77.6666666666667,70.3333333333333,-0.0279999999999999,0.151658767772512,0.155484902840395,0.175287530136575,0.0850624385438492,-0.0141178815457849,1.05138339920949,0.050106820054179,-7.00000000000001,2.66666666666667,95.6666666666667,92.6666666666667,85.6666666666667,86,-0.0731707317073172,0.0310077519379846,0.126092727032101,0.0942316249631171,0.0156865961676997,0.0195700961940973,1.09401709401709,0.089856329121861,-0.333333333333343,4.33333333333333,85.6666666666667,92.3333333333333,74.6666666666667,81,-0.0038910505836577,0.0534979423868312,0.0937549695375185,0.168696390829637,-0.0436750635026615,0.0377403279828471,1.87962962962963,0.631074751917568,-0.666666666666657,7.66666666666667,68.3333333333333,72.6666666666667,61,60,-0.00975609756097547,0.127777777777778,0.640878752014188,0.702363835664869,0.527354925717201,0.510825623765991,1.22388059701493,0.202026627873287,-6.66666666666667,-2,88.6666666666667,89,84.3333333333333,84,-0.0751879699248121,-0.0238095238095238,0.280191400722623,0.283943750341174,0.230084580668444,0.226124179452348,1.42613636363636,0.354968944093632,0.333333333333343,3.33333333333334,83.3333333333333,94.6666666666667,79.3333333333333,80.3333333333333,0.00400000000000011,0.0414937759336101,0.350976922824095,0.478490243123055,0.301786678633323,0.314312938452503,1.265,0.235072122179483,-6.66666666666667,-1,91,95.3333333333333,84.6666666666667,85.3333333333333,-0.0732600732600733,-0.01171875,0.311154428636923,0.357674444271816,0.2390169004705,0.246860077931526,1.5,0.405465108108164,-2.66666666666667,12,76.6666666666667,85.3333333333333,69.6666666666667,62,-0.0347826086956522,0.193548387096774,0.44086703515908,0.547965170715447,0.345121978200696,0.228534399949086,0.948616600790514,-0.0527505653855289,-7.66666666666667,6,87.6666666666667,90,75.6666666666667,74,-0.0874524714828898,0.0810810810810811,0.0387645434502445,0.0650324702708546,-0.108439471246117,-0.130712106855241
2021.75,45,82.6666666666667,86,82,66,85.6666666666667,86,78,75.6666666666667,79.6666666666667,70075,3.38167165331532,1.21837015922129,13090,8356,56985,48074,56318,61719,0.229709572694569,0.135387806024077,1.01159213747814,0.84154555259691,0.999818262026047,1.09139588733064,0.489130434782609,-0.71512608727872,-3,-0.333333333333336,48,52.3333333333333,48.3333333333333,45.3333333333333,-0.0625,-0.00735294117647064,-0.650587566141149,-0.564155060368842,-0.643667123296576,-0.707745979981098,1.1588785046729,0.147452731143131,1.66666666666667,5,81,83.3333333333333,85,77.6666666666667,0.0205761316872429,0.0643776824034335,0.127085428318697,0.155484902840395,0.175287530136575,0.0850624385438492,1.0197628458498,0.0195700961940973,-2.66666666666667,0.333333333333329,88.6666666666667,95.6666666666667,92.6666666666667,85.6666666666667,-0.0300751879699249,0.00389105058365753,0.050106820054179,0.126092727032101,0.0942316249631171,0.0156865961676997,1.05128205128205,0.0500104205746614,-3.33333333333333,7.33333333333333,85.3333333333333,85.6666666666667,92.3333333333333,74.6666666666667,-0.0390624999999999,0.0982142857142856,0.089856329121861,0.0937549695375185,0.168696390829637,-0.0436750635026615,1.83333333333333,0.606135803570315,-1.66666666666667,5,67.6666666666667,68.3333333333333,72.6666666666667,61,-0.0246305418719212,0.0819672131147541,0.631074751917568,0.640878752014188,0.702363835664869,0.527354925717201,1.27860696517413,0.245771176836144,3.66666666666667,1.33333333333334,82,88.6666666666667,89,84.3333333333333,0.0447154471544716,0.015810276679842,0.202026627873287,0.280191400722623,0.283943750341174,0.230084580668444,1.46590909090909,0.382475589883466,2.33333333333333,6.66666666666667,83.6666666666667,83.3333333333333,94.6666666666667,79.3333333333333,0.0278884462151394,0.0840336134453782,0.354968944093632,0.350976922824095,0.478490243123055,0.301786678633323,1.17,0.157003748809665,-6.33333333333333,-6.66666666666667,84.3333333333333,91,95.3333333333333,84.6666666666667,-0.075098814229249,-0.078740157480315,0.235072122179483,0.311154428636923,0.357674444271816,0.2390169004705,1.53378378378378,0.427737743717288,1.66666666666667,6,74,76.6666666666667,85.3333333333333,69.6666666666667,0.0225225225225226,0.0861244019138756,0.405465108108164,0.44086703515908,0.547965170715447,0.345121978200696,0.944664031620553,-0.0569259367960095,-0.333333333333329,4,80,87.6666666666667,90,75.6666666666667,-0.00416666666666661,0.052863436123348,-0.0527505653855289,0.0387645434502445,0.0650324702708546,-0.108439471246117
2022,42,78.3333333333333,84.6666666666667,89,72.6666666666667,83.6666666666667,79,78.6666666666667,70,84.6666666666667,66736,3.22053855805424,1.16954859962503,-3339,10418,70075,56985,48074,56318,-0.0476489475561898,0.184985262260734,1.21837015922129,1.01159213747814,0.84154555259691,0.999818262026047,0.456521739130435,-0.784118958765672,-3,-6.33333333333334,45,48,52.3333333333333,48.3333333333333,-0.0666666666666667,-0.131034482758621,-0.71512608727872,-0.650587566141149,-0.564155060368842,-0.643667123296576,1.0981308411215,0.0936094991223075,-4.33333333333334,-6.66666666666667,82.6666666666667,81,83.3333333333333,85,-0.0524193548387098,-0.0784313725490197,0.147452731143131,0.127085428318697,0.155484902840395,0.175287530136575,1.00395256916996,0.00394477829101655,-1.33333333333333,-8.00000000000001,86,88.6666666666667,95.6666666666667,92.6666666666667,-0.0155038759689922,-0.0863309352517987,0.0195700961940973,0.050106820054179,0.126092727032101,0.0942316249631171,1.14102564102564,0.131927543042548,7,-3.33333333333331,82,85.3333333333333,85.6666666666667,92.3333333333333,0.0853658536585366,-0.0361010830324908,0.0500104205746614,0.089856329121861,0.0937549695375185,0.168696390829637,2.01851851851852,0.702363835664869,6.66666666666667,0,66,67.6666666666667,68.3333333333333,72.6666666666667,0.101010101010101,0,0.606135803570315,0.631074751917568,0.640878752014188,0.702363835664869,1.24875621890547,0.222148031072708,-2,-5.33333333333333,85.6666666666667,82,88.6666666666667,89,-0.0233463035019455,-0.0599250936329587,0.245771176836144,0.202026627873287,0.280191400722623,0.283943750341174,1.34659090909091,0.29757614609698,-7,-15.6666666666667,86,83.6666666666667,83.3333333333333,94.6666666666667,-0.0813953488372093,-0.165492957746479,0.382475589883466,0.354968944093632,0.350976922824095,0.478490243123055,1.18,0.165514438477573,0.666666666666671,-16.6666666666666,78,84.3333333333333,91,95.3333333333333,0.00854700854700861,-0.174825174825175,0.157003748809665,0.235072122179483,0.311154428636923,0.357674444271816,1.41891891891892,0.349895256953354,-5.66666666666667,-15.3333333333333,75.6666666666667,74,76.6666666666667,85.3333333333333,-0.0748898678414097,-0.1796875,0.427737743717288,0.405465108108164,0.44086703515908,0.547965170715447,1.00395256916996,0.00394477829101655,5,-5.33333333333333,79.6666666666667,80,87.6666666666667,90,0.0627615062761506,-0.0592592592592592,-0.0569259367960095,-0.0527505653855289,0.0387645434502445,0.0650324702708546
2022.25,45.3333333333333,79.6666666666667,89.6666666666667,92,87.6666666666667,81,85.3333333333333,91,93.6666666666667,87,56266,2.71527844802625,0.998894507252763,-10470,8192,66736,70075,56985,48074,-0.156886837688804,0.170403960560802,1.16954859962503,1.21837015922129,1.01159213747814,0.84154555259691,0.492753623188406,-0.707745979981098,3.33333333333334,-7,42,45,48,52.3333333333333,0.0793650793650794,-0.133757961783439,-0.784118958765672,-0.71512608727872,-0.650587566141149,-0.564155060368842,1.11682242990654,0.110487536909659,1.33333333333334,-3.66666666666666,78.3333333333333,82.6666666666667,81,83.3333333333333,0.0170212765957448,-0.0439999999999999,0.0936094991223075,0.147452731143131,0.127085428318697,0.155484902840395,1.06324110671937,0.061321890874319,5,-6.00000000000001,84.6666666666667,86,88.6666666666667,95.6666666666667,0.0590551181102362,-0.0627177700348433,0.00394477829101655,0.0195700961940973,0.050106820054179,0.126092727032101,1.17948717948718,0.165079750359449,3,6.33333333333333,89,82,85.3333333333333,85.6666666666667,0.0337078651685393,0.0739299610894941,0.131927543042548,0.0500104205746614,0.089856329121861,0.0937549695375185,2.43518518518519,0.890022805053545,15,19.3333333333333,72.6666666666667,66,67.6666666666667,68.3333333333333,0.206422018348624,0.282926829268293,0.702363835664869,0.606135803570315,0.631074751917568,0.640878752014188,1.2089552238806,0.189756535281473,-2.66666666666667,-7.66666666666667,83.6666666666667,85.6666666666667,82,88.6666666666667,-0.0318725099601594,-0.0864661654135339,0.222148031072708,0.245771176836144,0.202026627873287,0.280191400722623,1.45454545454545,0.374693449441411,6.33333333333333,2,79,86,83.6666666666667,83.3333333333333,0.080168776371308,0.024,0.29757614609698,0.382475589883466,0.354968944093632,0.350976922824095,1.365,0.311154428636923,12.3333333333333,0,78.6666666666667,78,84.3333333333333,91,0.156779661016949,0,0.165514438477573,0.157003748809665,0.235072122179483,0.311154428636923,1.89864864864865,0.641142395569631,23.6666666666667,17,70,75.6666666666667,74,76.6666666666667,0.338095238095238,0.221739130434783,0.349895256953354,0.427737743717288,0.405465108108164,0.44086703515908,1.03162055335968,0.0311309185951732,2.33333333333333,-0.666666666666671,84.6666666666667,79.6666666666667,80,87.6666666666667,0.0275590551181102,-0.00760456273764264,0.00394477829101655,-0.0569259367960095,-0.0527505653855289,0.0387645434502445
2022.5,41,73.3333333333333,84.6666666666667,81,80,77.3333333333333,78.6666666666667,79.3333333333333,80.6666666666667,77,64326,3.10423704275649,1.1327679662726,8060,7341,56266,66736,70075,56985,0.143248142750507,0.128823374572256,0.998894507252763,1.16954859962503,1.21837015922129,1.01159213747814,0.445652173913043,-0.808216510344733,-4.33333333333334,-7,45.3333333333333,42,45,48,-0.0955882352941177,-0.145833333333333,-0.707745979981098,-0.784118958765672,-0.71512608727872,-0.650587566141149,1.02803738317757,0.02765153133051,-6.33333333333334,-7.66666666666667,79.6666666666667,78.3333333333333,82.6666666666667,81,-0.0794979079497909,-0.0946502057613169,0.110487536909659,0.0936094991223075,0.147452731143131,0.127085428318697,1.00395256916996,0.00394477829101655,-5,-4,89.6666666666667,84.6666666666667,86,88.6666666666667,-0.0557620817843866,-0.0451127819548872,0.061321890874319,0.00394477829101655,0.0195700961940973,0.050106820054179,1.03846153846154,0.0377403279828471,-11,-4.33333333333333,92,89,82,85.3333333333333,-0.119565217391304,-0.0507812499999999,0.165079750359449,0.131927543042548,0.0500104205746614,0.089856329121861,2.22222222222222,0.798507696217772,-7.66666666666667,12.3333333333333,87.6666666666667,72.6666666666667,66,67.6666666666667,-0.0874524714828898,0.182266009852217,0.890022805053545,0.702363835664869,0.606135803570315,0.631074751917568,1.15422885572139,0.143432463607234,-3.66666666666667,-4.66666666666667,81,83.6666666666667,85.6666666666667,82,-0.0452674897119342,-0.0569105691056911,0.189756535281473,0.222148031072708,0.245771176836144,0.202026627873287,1.34090909090909,0.293347809987459,-6.66666666666666,-5,85.3333333333333,79,86,83.6666666666667,-0.0781249999999999,-0.0597609561752988,0.374693449441411,0.29757614609698,0.382475589883466,0.354968944093632,1.19,0.173953307123438,-11.6666666666667,-5,91,78.6666666666667,78,84.3333333333333,-0.128205128205128,-0.0592885375494071,0.311154428636923,0.165514438477573,0.157003748809665,0.235072122179483,1.63513513513514,0.491725452392571,-13,6.66666666666667,93.6666666666667,70,75.6666666666667,74,-0.138790035587189,0.0900900900900902,0.641142395569631,0.349895256953354,0.427737743717288,0.405465108108164,0.91304347826087,-0.0909717782057266,-10,-3,87,84.6666666666667,79.6666666666667,80,-0.114942528735632,-0.0375,0.0311309185951732,0.00394477829101655,-0.0569259367960095,-0.0527505653855289
2022.75,40,77,85.3333333333333,78.3333333333333,76.6666666666667,84.3333333333333,76.3333333333333,80.3333333333333,74.6666666666667,78.6666666666667,77179,3.72449570504778,1.31493146147143,12853,7104,64326,56266,66736,70075,0.199810341075148,0.101377095968605,1.1327679662726,0.998894507252763,1.16954859962503,1.21837015922129,0.434782608695652,-0.832909122935104,-1,-5,41,45.3333333333333,42,45,-0.024390243902439,-0.111111111111111,-0.808216510344733,-0.707745979981098,-0.784118958765672,-0.71512608727872,1.07943925233645,0.0764416954999421,3.66666666666667,-5.66666666666667,73.3333333333333,79.6666666666667,78.3333333333333,82.6666666666667,0.0500000000000001,-0.0685483870967742,0.02765153133051,0.110487536909659,0.0936094991223075,0.147452731143131,1.01185770750988,0.0117879557520422,0.666666666666657,-0.666666666666671,84.6666666666667,89.6666666666667,84.6666666666667,86,0.00787401574803138,-0.00775193798449618,0.00394477829101655,0.061321890874319,0.00394477829101655,0.0195700961940973,1.0042735042735,0.00426439878645752,-2.66666666666667,-3.66666666666667,81,92,89,82,-0.0329218106995885,-0.0447154471544716,0.0377403279828471,0.165079750359449,0.131927543042548,0.0500104205746614,2.12962962962963,0.755948081798976,-3.33333333333333,10.6666666666667,80,87.6666666666667,72.6666666666667,66,-0.0416666666666666,0.161616161616162,0.798507696217772,0.890022805053545,0.702363835664869,0.606135803570315,1.25870646766169,0.230084580668444,7,-1.33333333333334,77.3333333333333,81,83.6666666666667,85.6666666666667,0.0905172413793103,-0.0155642023346305,0.143432463607234,0.189756535281473,0.222148031072708,0.245771176836144,1.30113636363636,0.263238008516088,-2.33333333333334,-9.66666666666667,78.6666666666667,85.3333333333333,79,86,-0.0296610169491527,-0.112403100775194,0.293347809987459,0.374693449441411,0.29757614609698,0.382475589883466,1.205,0.186479566942618,1,2.33333333333333,79.3333333333333,91,78.6666666666667,78,0.0126050420168067,0.0299145299145299,0.173953307123438,0.311154428636923,0.165514438477573,0.157003748809665,1.51351351351351,0.414433778090925,-6,-1,80.6666666666667,93.6666666666667,70,75.6666666666667,-0.0743801652892562,-0.013215859030837,0.491725452392571,0.641142395569631,0.349895256953354,0.427737743717288,0.932806324110672,-0.0695576837019101,1.66666666666667,-1,77,87,84.6666666666667,79.6666666666667,0.0216450216450217,-0.0125523012552301,-0.0909717782057266,0.0311309185951732,0.00394477829101655,-0.0569259367960095
2023,41.6666666666667,83,84.3333333333333,90.6666666666667,74,86.3333333333333,84,83,67.6666666666667,91.3333333333333,74785,3.60896631599266,1.28342139228173,-2394,8049,77179,64326,56266,66736,-0.0310188004508999,0.120609566051307,1.31493146147143,1.1327679662726,0.998894507252763,1.16954859962503,0.452898550724638,-0.792087128414849,1.66666666666666,-0.333333333333343,40,41,45.3333333333333,42,0.0416666666666664,-0.00793650793650816,-0.832909122935104,-0.808216510344733,-0.707745979981098,-0.784118958765672,1.16355140186916,0.151476881442856,6,4.66666666666667,77,73.3333333333333,79.6666666666667,78.3333333333333,0.0779220779220779,0.0595744680851064,0.0764416954999421,0.02765153133051,0.110487536909659,0.0936094991223075,1,0,-1,-0.333333333333343,85.3333333333333,84.6666666666667,89.6666666666667,84.6666666666667,-0.01171875,-0.00393700787401586,0.0117879557520422,0.00394477829101655,0.061321890874319,0.00394477829101655,1.16239316239316,0.150480950938296,12.3333333333334,1.66666666666669,78.3333333333333,81,92,89,0.157446808510639,0.0187265917602998,0.00426439878645752,0.0377403279828471,0.165079750359449,0.131927543042548,2.05555555555556,0.72054615474806,-2.66666666666667,1.33333333333333,76.6666666666667,80,87.6666666666667,72.6666666666667,-0.0347826086956522,0.0183486238532109,0.755948081798976,0.798507696217772,0.890022805053545,0.702363835664869,1.28855721393035,0.253523153640462,2,2.66666666666666,84.3333333333333,77.3333333333333,81,83.6666666666667,0.0237154150197628,0.0318725099601593,0.230084580668444,0.143432463607234,0.189756535281473,0.222148031072708,1.43181818181818,0.358945092473272,7.66666666666667,5,76.3333333333333,78.6666666666667,85.3333333333333,79,0.100436681222707,0.0632911392405063,0.263238008516088,0.293347809987459,0.374693449441411,0.29757614609698,1.245,0.219135529916671,2.66666666666667,4.33333333333333,80.3333333333333,79.3333333333333,91,78.6666666666667,0.033195020746888,0.0550847457627118,0.186479566942618,0.173953307123438,0.311154428636923,0.165514438477573,1.37162162162162,0.315993705277672,-7,-2.33333333333333,74.6666666666667,80.6666666666667,93.6666666666667,70,-0.09375,-0.0333333333333333,0.414433778090925,0.491725452392571,0.641142395569631,0.349895256953354,1.08300395256917,0.0797386176605498,12.6666666666666,6.66666666666664,78.6666666666667,77,87,84.6666666666667,0.161016949152542,0.0787401574803147,-0.0695576837019101,-0.0909717782057266,0.0311309185951732,0.00394477829101655
